time(ms),current(pA)
0.03125,4000
0.0625,4000
0.09375,4000
0.125,4000
0.15625,4000
0.1875,4000
0.21875,4000
0.25,4000
0.28125,4000
0.3125,4000
0.34375,4000
0.375,4000
0.40625,4000
0.4375,4000
0.46875,4000
0.5,4000
0.53125,4000
0.5625,4000
0.59375,4000
0.625,4000
0.65625,4000
0.6875,4000
0.71875,4000
0.75,4000
0.78125,4000
0.8125,4000
0.84375,4000
0.875,4000
0.90625,4000
0.9375,4000
0.96875,4000
1.0,4000
1.03125,4000
1.0625,4000
1.09375,4000
1.125,4000
1.15625,4000
1.1875,4000
1.21875,4000
1.25,4000
1.28125,4000
1.3125,4000
1.34375,4000
1.375,4000
1.40625,4000
1.4375,4000
1.46875,4000
1.5,4000
1.53125,4000
1.5625,4000
1.59375,4000
1.625,4000
1.65625,4000
1.6875,4000
1.71875,4000
1.75,4000
1.78125,4000
1.8125,4000
1.84375,4000
1.875,4000
1.90625,4000
1.9375,4000
1.96875,4000
2.0,4000
2.03125,4000
2.0625,4000
2.09375,4000
2.125,4000
2.15625,4000
2.1875,4000
2.21875,4000
2.25,4000
2.28125,4000
2.3125,4000
2.34375,4000
2.375,4000
2.40625,4000
2.4375,4000
2.46875,4000
2.5,4000
2.53125,4000
2.5625,4000
2.59375,4000
2.625,4000
2.65625,4000
2.6875,4000
2.71875,4000
2.75,4000
2.78125,4000
2.8125,4000
2.84375,4000
2.875,4000
2.90625,4000
2.9375,4000
2.96875,4000
3.0,4000
3.03125,4000
3.0625,4000
3.09375,4000
3.125,4000
3.15625,4000
3.1875,4000
3.21875,4000
3.25,4000
3.28125,4000
3.3125,4000
3.34375,4000
3.375,4000
3.40625,4000
3.4375,4000
3.46875,4000
3.5,4000
3.53125,4000
3.5625,4000
3.59375,4000
3.625,4000
3.65625,4000
3.6875,4000
3.71875,4000
3.75,4000
3.78125,4000
3.8125,4000
3.84375,4000
3.875,4000
3.90625,4000
3.9375,4000
3.96875,4000
4.0,4000
4.03125,4000
4.0625,4000
4.09375,4000
4.125,4000
4.15625,4000
4.1875,4000
4.21875,4000
4.25,4000
4.28125,4000
4.3125,4000
4.34375,4000
4.375,4000
4.40625,4000
4.4375,4000
4.46875,4000
4.5,4000
4.53125,4000
4.5625,4000
4.59375,4000
4.625,4000
4.65625,4000
4.6875,4000
4.71875,4000
4.75,4000
4.78125,4000
4.8125,4000
4.84375,4000
4.875,4000
4.90625,4000
4.9375,4000
4.96875,4000
5.0,4000
5.03125,4000
5.0625,4000
5.09375,4000
5.125,4000
5.15625,4000
5.1875,4000
5.21875,4000
5.25,4000
5.28125,4000
5.3125,4000
5.34375,4000
5.375,4000
5.40625,4000
5.4375,4000
5.46875,4000
5.5,4000
5.53125,4000
5.5625,4000
5.59375,4000
5.625,4000
5.65625,4000
5.6875,4000
5.71875,4000
5.75,4000
5.78125,4000
5.8125,4000
5.84375,4000
5.875,4000
5.90625,4000
5.9375,4000
5.96875,4000
6.0,4000
6.03125,4000
6.0625,4000
6.09375,4000
6.125,4000
6.15625,4000
6.1875,4000
6.21875,4000
6.25,4000
6.28125,4000
6.3125,4000
6.34375,4000
6.375,4000
6.40625,4000
6.4375,4000
6.46875,4000
6.5,4000
6.53125,4000
6.5625,4000
6.59375,4000
6.625,4000
6.65625,4000
6.6875,4000
6.71875,4000
6.75,4000
6.78125,4000
6.8125,4000
6.84375,4000
6.875,4000
6.90625,4000
6.9375,4000
6.96875,4000
7.0,4000
7.03125,4000
7.0625,4000
7.09375,4000
7.125,4000
7.15625,4000
7.1875,4000
7.21875,4000
7.25,4000
7.28125,4000
7.3125,4000
7.34375,4000
7.375,4000
7.40625,4000
7.4375,4000
7.46875,4000
7.5,4000
7.53125,4000
7.5625,4000
7.59375,4000
7.625,4000
7.65625,4000
7.6875,4000
7.71875,4000
7.75,4000
7.78125,4000
7.8125,4000
7.84375,4000
7.875,4000
7.90625,4000
7.9375,4000
7.96875,4000
8.0,4000
8.03125,4000
8.0625,4000
8.09375,4000
8.125,4000
8.15625,4000
8.1875,4000
8.21875,4000
8.25,4000
8.28125,4000
8.3125,4000
8.34375,4000
8.375,4000
8.40625,4000
8.4375,4000
8.46875,4000
8.5,4000
8.53125,4000
8.5625,4000
8.59375,4000
8.625,4000
8.65625,4000
8.6875,4000
8.71875,4000
8.75,4000
8.78125,4000
8.8125,4000
8.84375,4000
8.875,4000
8.90625,4000
8.9375,4000
8.96875,4000
9.0,4000
9.03125,4000
9.0625,4000
9.09375,4000
9.125,4000
9.15625,4000
9.1875,4000
9.21875,4000
9.25,4000
9.28125,4000
9.3125,4000
9.34375,4000
9.375,4000
9.40625,4000
9.4375,4000
9.46875,4000
9.5,4000
9.53125,4000
9.5625,4000
9.59375,4000
9.625,4000
9.65625,4000
9.6875,4000
9.71875,4000
9.75,4000
9.78125,4000
9.8125,4000
9.84375,4000
9.875,4000
9.90625,4000
9.9375,4000
9.96875,4000
10.0,4000
10.03125,4000
10.0625,4000
10.09375,4000
10.125,4000
10.15625,4000
10.1875,4000
10.21875,4000
10.25,4000
10.28125,4000
10.3125,4000
10.34375,4000
10.375,4000
10.40625,4000
10.4375,4000
10.46875,4000
10.5,4000
10.53125,4000
10.5625,4000
10.59375,4000
10.625,4000
10.65625,4000
10.6875,4000
10.71875,4000
10.75,4000
10.78125,4000
10.8125,4000
10.84375,4000
10.875,4000
10.90625,4000
10.9375,4000
10.96875,4000
11.0,4000
11.03125,4000
11.0625,4000
11.09375,4000
11.125,4000
11.15625,4000
11.1875,4000
11.21875,4000
11.25,4000
11.28125,4000
11.3125,4000
11.34375,4000
11.375,4000
11.40625,4000
11.4375,4000
11.46875,4000
11.5,4000
11.53125,4000
11.5625,4000
11.59375,4000
11.625,4000
11.65625,4000
11.6875,4000
11.71875,4000
11.75,4000
11.78125,4000
11.8125,4000
11.84375,4000
11.875,4000
11.90625,4000
11.9375,4000
11.96875,4000
12.0,4000
12.03125,4000
12.0625,4000
12.09375,4000
12.125,4000
12.15625,4000
12.1875,4000
12.21875,4000
12.25,4000
12.28125,4000
12.3125,4000
12.34375,4000
12.375,4000
12.40625,4000
12.4375,4000
12.46875,4000
12.5,4000
12.53125,4000
12.5625,4000
12.59375,4000
12.625,4000
12.65625,4000
12.6875,4000
12.71875,4000
12.75,4000
12.78125,4000
12.8125,4000
12.84375,4000
12.875,4000
12.90625,4000
12.9375,4000
12.96875,4000
13.0,4000
13.03125,4000
13.0625,4000
13.09375,4000
13.125,4000
13.15625,4000
13.1875,4000
13.21875,4000
13.25,4000
13.28125,4000
13.3125,4000
13.34375,4000
13.375,4000
13.40625,4000
13.4375,4000
13.46875,4000
13.5,4000
13.53125,4000
13.5625,4000
13.59375,4000
13.625,4000
13.65625,4000
13.6875,4000
13.71875,4000
13.75,4000
13.78125,4000
13.8125,4000
13.84375,4000
13.875,4000
13.90625,4000
13.9375,4000
13.96875,4000
14.0,4000
14.03125,4000
14.0625,4000
14.09375,4000
14.125,4000
14.15625,4000
14.1875,4000
14.21875,4000
14.25,4000
14.28125,4000
14.3125,4000
14.34375,4000
14.375,4000
14.40625,4000
14.4375,4000
14.46875,4000
14.5,4000
14.53125,4000
14.5625,4000
14.59375,4000
14.625,4000
14.65625,4000
14.6875,4000
14.71875,4000
14.75,4000
14.78125,4000
14.8125,4000
14.84375,4000
14.875,4000
14.90625,4000
14.9375,4000
14.96875,4000
15.0,4000
15.03125,4000
15.0625,4000
15.09375,4000
15.125,4000
15.15625,4000
15.1875,4000
15.21875,4000
15.25,4000
15.28125,4000
15.3125,4000
15.34375,4000
15.375,4000
15.40625,4000
15.4375,4000
15.46875,4000
15.5,4000
15.53125,4000
15.5625,4000
15.59375,4000
15.625,4000
15.65625,4000
15.6875,4000
15.71875,4000
15.75,4000
15.78125,4000
15.8125,4000
15.84375,4000
15.875,4000
15.90625,4000
15.9375,4000
15.96875,4000
16.0,4000
16.03125,4000
16.0625,4000
16.09375,4000
16.125,4000
16.15625,4000
16.1875,4000
16.21875,4000
16.25,4000
16.28125,4000
16.3125,4000
16.34375,4000
16.375,4000
16.40625,4000
16.4375,4000
16.46875,4000
16.5,4000
16.53125,4000
16.5625,4000
16.59375,4000
16.625,4000
16.65625,4000
16.6875,4000
16.71875,4000
16.75,4000
16.78125,4000
16.8125,4000
16.84375,4000
16.875,4000
16.90625,4000
16.9375,4000
16.96875,4000
17.0,4000
17.03125,4000
17.0625,4000
17.09375,4000
17.125,4000
17.15625,4000
17.1875,4000
17.21875,4000
17.25,4000
17.28125,4000
17.3125,4000
17.34375,4000
17.375,4000
17.40625,4000
17.4375,4000
17.46875,4000
17.5,4000
17.53125,4000
17.5625,4000
17.59375,4000
17.625,4000
17.65625,4000
17.6875,4000
17.71875,4000
17.75,4000
17.78125,4000
17.8125,4000
17.84375,4000
17.875,4000
17.90625,4000
17.9375,4000
17.96875,4000
18.0,4000
18.03125,4000
18.0625,4000
18.09375,4000
18.125,4000
18.15625,4000
18.1875,4000
18.21875,4000
18.25,4000
18.28125,4000
18.3125,4000
18.34375,4000
18.375,4000
18.40625,4000
18.4375,4000
18.46875,4000
18.5,4000
18.53125,4000
18.5625,4000
18.59375,4000
18.625,4000
18.65625,4000
18.6875,4000
18.71875,4000
18.75,4000
18.78125,4000
18.8125,4000
18.84375,4000
18.875,4000
18.90625,4000
18.9375,4000
18.96875,4000
19.0,4000
19.03125,4000
19.0625,4000
19.09375,4000
19.125,4000
19.15625,4000
19.1875,4000
19.21875,4000
19.25,4000
19.28125,4000
19.3125,4000
19.34375,4000
19.375,4000
19.40625,4000
19.4375,4000
19.46875,4000
19.5,4000
19.53125,4000
19.5625,4000
19.59375,4000
19.625,4000
19.65625,4000
19.6875,4000
19.71875,4000
19.75,4000
19.78125,4000
19.8125,4000
19.84375,4000
19.875,4000
19.90625,4000
19.9375,4000
19.96875,4000
20.0,4000
20.03125,4000
20.0625,4000
20.09375,4000
20.125,4000
20.15625,4000
20.1875,4000
20.21875,4000
20.25,4000
20.28125,4000
20.3125,4000
20.34375,4000
20.375,4000
20.40625,4000
20.4375,4000
20.46875,4000
20.5,4000
20.53125,4000
20.5625,4000
20.59375,4000
20.625,4000
20.65625,4000
20.6875,4000
20.71875,4000
20.75,4000
20.78125,4000
20.8125,4000
20.84375,4000
20.875,4000
20.90625,4000
20.9375,4000
20.96875,4000
21.0,4000
21.03125,4000
21.0625,4000
21.09375,4000
21.125,4000
21.15625,4000
21.1875,4000
21.21875,4000
21.25,4000
21.28125,4000
21.3125,4000
21.34375,4000
21.375,4000
21.40625,4000
21.4375,4000
21.46875,4000
21.5,4000
21.53125,4000
21.5625,4000
21.59375,4000
21.625,4000
21.65625,4000
21.6875,4000
21.71875,4000
21.75,4000
21.78125,4000
21.8125,4000
21.84375,4000
21.875,4000
21.90625,4000
21.9375,4000
21.96875,4000
22.0,4000
22.03125,4000
22.0625,4000
22.09375,4000
22.125,4000
22.15625,4000
22.1875,4000
22.21875,4000
22.25,4000
22.28125,4000
22.3125,4000
22.34375,4000
22.375,4000
22.40625,4000
22.4375,4000
22.46875,4000
22.5,4000
22.53125,4000
22.5625,4000
22.59375,4000
22.625,4000
22.65625,4000
22.6875,4000
22.71875,4000
22.75,4000
22.78125,4000
22.8125,4000
22.84375,4000
22.875,4000
22.90625,4000
22.9375,4000
22.96875,4000
23.0,4000
23.03125,4000
23.0625,4000
23.09375,4000
23.125,4000
23.15625,4000
23.1875,4000
23.21875,4000
23.25,4000
23.28125,4000
23.3125,4000
23.34375,4000
23.375,4000
23.40625,4000
23.4375,4000
23.46875,4000
23.5,4000
23.53125,4000
23.5625,4000
23.59375,4000
23.625,4000
23.65625,4000
23.6875,4000
23.71875,4000
23.75,4000
23.78125,4000
23.8125,4000
23.84375,4000
23.875,4000
23.90625,4000
23.9375,4000
23.96875,4000
24.0,4000
24.03125,4000
24.0625,4000
24.09375,4000
24.125,4000
24.15625,4000
24.1875,4000
24.21875,4000
24.25,4000
24.28125,4000
24.3125,4000
24.34375,4000
24.375,4000
24.40625,4000
24.4375,4000
24.46875,4000
24.5,4000
24.53125,4000
24.5625,4000
24.59375,4000
24.625,4000
24.65625,4000
24.6875,4000
24.71875,4000
24.75,4000
24.78125,4000
24.8125,4000
24.84375,4000
24.875,4000
24.90625,4000
24.9375,4000
24.96875,4000
25.0,4000
25.03125,4000
25.0625,4000
25.09375,4000
25.125,4000
25.15625,4000
25.1875,4000
25.21875,4000
25.25,4000
25.28125,4000
25.3125,4000
25.34375,4000
25.375,4000
25.40625,4000
25.4375,4000
25.46875,4000
25.5,4000
25.53125,4000
25.5625,4000
25.59375,4000
25.625,4000
25.65625,4000
25.6875,4000
25.71875,4000
25.75,4000
25.78125,4000
25.8125,4000
25.84375,4000
25.875,4000
25.90625,4000
25.9375,4000
25.96875,4000
26.0,4000
26.03125,4000
26.0625,4000
26.09375,4000
26.125,4000
26.15625,4000
26.1875,4000
26.21875,4000
26.25,4000
26.28125,4000
26.3125,4000
26.34375,4000
26.375,4000
26.40625,4000
26.4375,4000
26.46875,4000
26.5,4000
26.53125,4000
26.5625,4000
26.59375,4000
26.625,4000
26.65625,4000
26.6875,4000
26.71875,4000
26.75,4000
26.78125,4000
26.8125,4000
26.84375,4000
26.875,4000
26.90625,4000
26.9375,4000
26.96875,4000
27.0,4000
27.03125,4000
27.0625,4000
27.09375,4000
27.125,4000
27.15625,4000
27.1875,4000
27.21875,4000
27.25,4000
27.28125,4000
27.3125,4000
27.34375,4000
27.375,4000
27.40625,4000
27.4375,4000
27.46875,4000
27.5,4000
27.53125,4000
27.5625,4000
27.59375,4000
27.625,4000
27.65625,4000
27.6875,4000
27.71875,4000
27.75,4000
27.78125,4000
27.8125,4000
27.84375,4000
27.875,4000
27.90625,4000
27.9375,4000
27.96875,4000
28.0,4000
28.03125,4000
28.0625,4000
28.09375,4000
28.125,4000
28.15625,4000
28.1875,4000
28.21875,4000
28.25,4000
28.28125,4000
28.3125,4000
28.34375,4000
28.375,4000
28.40625,4000
28.4375,4000
28.46875,4000
28.5,4000
28.53125,4000
28.5625,4000
28.59375,4000
28.625,4000
28.65625,4000
28.6875,4000
28.71875,4000
28.75,4000
28.78125,4000
28.8125,4000
28.84375,4000
28.875,4000
28.90625,4000
28.9375,4000
28.96875,4000
29.0,4000
29.03125,4000
29.0625,4000
29.09375,4000
29.125,4000
29.15625,4000
29.1875,4000
29.21875,4000
29.25,4000
29.28125,4000
29.3125,4000
29.34375,4000
29.375,4000
29.40625,4000
29.4375,4000
29.46875,4000
29.5,4000
29.53125,4000
29.5625,4000
29.59375,4000
29.625,4000
29.65625,4000
29.6875,4000
29.71875,4000
29.75,4000
29.78125,4000
29.8125,4000
29.84375,4000
29.875,4000
29.90625,4000
29.9375,4000
29.96875,4000
30.0,4000
30.03125,4000
30.0625,4000
30.09375,4000
30.125,4000
30.15625,4000
30.1875,4000
30.21875,4000
30.25,4000
30.28125,4000
30.3125,4000
30.34375,4000
30.375,4000
30.40625,4000
30.4375,4000
30.46875,4000
30.5,4000
30.53125,4000
30.5625,4000
30.59375,4000
30.625,4000
30.65625,4000
30.6875,4000
30.71875,4000
30.75,4000
30.78125,4000
30.8125,4000
30.84375,4000
30.875,4000
30.90625,4000
30.9375,4000
30.96875,4000
31.0,4000
31.03125,4000
31.0625,4000
31.09375,4000
31.125,4000
31.15625,4000
31.1875,4000
31.21875,4000
31.25,4000
31.28125,4000
31.3125,4000
31.34375,4000
31.375,4000
31.40625,4000
31.4375,4000
31.46875,4000
31.5,4000
31.53125,4000
31.5625,4000
31.59375,4000
31.625,4000
31.65625,4000
31.6875,4000
31.71875,4000
31.75,4000
31.78125,4000
31.8125,4000
31.84375,4000
31.875,4000
31.90625,4000
31.9375,4000
31.96875,4000
32.0,4000
32.03125,4000
32.0625,4000
32.09375,4000
32.125,4000
32.15625,4000
32.1875,4000
32.21875,4000
32.25,4000
32.28125,4000
32.3125,4000
32.34375,4000
32.375,4000
32.40625,4000
32.4375,4000
32.46875,4000
32.5,4000
32.53125,4000
32.5625,4000
32.59375,4000
32.625,4000
32.65625,4000
32.6875,4000
32.71875,4000
32.75,4000
32.78125,4000
32.8125,4000
32.84375,4000
32.875,4000
32.90625,4000
32.9375,4000
32.96875,4000
33.0,4000
33.03125,4000
33.0625,4000
33.09375,4000
33.125,4000
33.15625,4000
33.1875,4000
33.21875,4000
33.25,4000
33.28125,4000
33.3125,4000
33.34375,4000
33.375,4000
33.40625,4000
33.4375,4000
33.46875,4000
33.5,4000
33.53125,4000
33.5625,4000
33.59375,4000
33.625,4000
33.65625,4000
33.6875,4000
33.71875,4000
33.75,4000
33.78125,4000
33.8125,4000
33.84375,4000
33.875,4000
33.90625,4000
33.9375,4000
33.96875,4000
34.0,4000
34.03125,4000
34.0625,4000
34.09375,4000
34.125,4000
34.15625,4000
34.1875,4000
34.21875,4000
34.25,4000
34.28125,4000
34.3125,4000
34.34375,4000
34.375,4000
34.40625,4000
34.4375,4000
34.46875,4000
34.5,4000
34.53125,4000
34.5625,4000
34.59375,4000
34.625,4000
34.65625,4000
34.6875,4000
34.71875,4000
34.75,4000
34.78125,4000
34.8125,4000
34.84375,4000
34.875,4000
34.90625,4000
34.9375,4000
34.96875,4000
35.0,4000
35.03125,4000
35.0625,4000
35.09375,4000
35.125,4000
35.15625,4000
35.1875,4000
35.21875,4000
35.25,4000
35.28125,4000
35.3125,4000
35.34375,4000
35.375,4000
35.40625,4000
35.4375,4000
35.46875,4000
35.5,4000
35.53125,4000
35.5625,4000
35.59375,4000
35.625,4000
35.65625,4000
35.6875,4000
35.71875,4000
35.75,4000
35.78125,4000
35.8125,4000
35.84375,4000
35.875,4000
35.90625,4000
35.9375,4000
35.96875,4000
36.0,4000
36.03125,4000
36.0625,4000
36.09375,4000
36.125,4000
36.15625,4000
36.1875,4000
36.21875,4000
36.25,4000
36.28125,4000
36.3125,4000
36.34375,4000
36.375,4000
36.40625,4000
36.4375,4000
36.46875,4000
36.5,4000
36.53125,4000
36.5625,4000
36.59375,4000
36.625,4000
36.65625,4000
36.6875,4000
36.71875,4000
36.75,4000
36.78125,4000
36.8125,4000
36.84375,4000
36.875,4000
36.90625,4000
36.9375,4000
36.96875,4000
37.0,4000
37.03125,4000
37.0625,4000
37.09375,4000
37.125,4000
37.15625,4000
37.1875,4000
37.21875,4000
37.25,4000
37.28125,4000
37.3125,4000
37.34375,4000
37.375,4000
37.40625,4000
37.4375,4000
37.46875,4000
37.5,4000
37.53125,4000
37.5625,4000
37.59375,4000
37.625,4000
37.65625,4000
37.6875,4000
37.71875,4000
37.75,4000
37.78125,4000
37.8125,4000
37.84375,4000
37.875,4000
37.90625,4000
37.9375,4000
37.96875,4000
38.0,4000
38.03125,4000
38.0625,4000
38.09375,4000
38.125,4000
38.15625,4000
38.1875,4000
38.21875,4000
38.25,4000
38.28125,4000
38.3125,4000
38.34375,4000
38.375,4000
38.40625,4000
38.4375,4000
38.46875,4000
38.5,4000
38.53125,4000
38.5625,4000
38.59375,4000
38.625,4000
38.65625,4000
38.6875,4000
38.71875,4000
38.75,4000
38.78125,4000
38.8125,4000
38.84375,4000
38.875,4000
38.90625,4000
38.9375,4000
38.96875,4000
39.0,4000
39.03125,4000
39.0625,4000
39.09375,4000
39.125,4000
39.15625,4000
39.1875,4000
39.21875,4000
39.25,4000
39.28125,4000
39.3125,4000
39.34375,4000
39.375,4000
39.40625,4000
39.4375,4000
39.46875,4000
39.5,4000
39.53125,4000
39.5625,4000
39.59375,4000
39.625,4000
39.65625,4000
39.6875,4000
39.71875,4000
39.75,4000
39.78125,4000
39.8125,4000
39.84375,4000
39.875,4000
39.90625,4000
39.9375,4000
39.96875,4000
40.0,4000
40.03125,4000
40.0625,4000
40.09375,4000
40.125,4000
40.15625,4000
40.1875,4000
40.21875,4000
40.25,4000
40.28125,4000
40.3125,4000
40.34375,4000
40.375,4000
40.40625,4000
40.4375,4000
40.46875,4000
40.5,4000
40.53125,4000
40.5625,4000
40.59375,4000
40.625,4000
40.65625,4000
40.6875,4000
40.71875,4000
40.75,4000
40.78125,4000
40.8125,4000
40.84375,4000
40.875,4000
40.90625,4000
40.9375,4000
40.96875,4000
41.0,4000
41.03125,4000
41.0625,4000
41.09375,4000
41.125,4000
41.15625,4000
41.1875,4000
41.21875,4000
41.25,4000
41.28125,4000
41.3125,4000
41.34375,4000
41.375,4000
41.40625,4000
41.4375,4000
41.46875,4000
41.5,4000
41.53125,4000
41.5625,4000
41.59375,4000
41.625,4000
41.65625,4000
41.6875,4000
41.71875,4000
41.75,4000
41.78125,4000
41.8125,4000
41.84375,4000
41.875,4000
41.90625,4000
41.9375,4000
41.96875,4000
42.0,4000
42.03125,4000
42.0625,4000
42.09375,4000
42.125,4000
42.15625,4000
42.1875,4000
42.21875,4000
42.25,4000
42.28125,4000
42.3125,4000
42.34375,4000
42.375,4000
42.40625,4000
42.4375,4000
42.46875,4000
42.5,4000
42.53125,4000
42.5625,4000
42.59375,4000
42.625,4000
42.65625,4000
42.6875,4000
42.71875,4000
42.75,4000
42.78125,4000
42.8125,4000
42.84375,4000
42.875,4000
42.90625,4000
42.9375,4000
42.96875,4000
43.0,4000
43.03125,4000
43.0625,4000
43.09375,4000
43.125,4000
43.15625,4000
43.1875,4000
43.21875,4000
43.25,4000
43.28125,4000
43.3125,4000
43.34375,4000
43.375,4000
43.40625,4000
43.4375,4000
43.46875,4000
43.5,4000
43.53125,4000
43.5625,4000
43.59375,4000
43.625,4000
43.65625,4000
43.6875,4000
43.71875,4000
43.75,4000
43.78125,4000
43.8125,4000
43.84375,4000
43.875,4000
43.90625,4000
43.9375,4000
43.96875,4000
44.0,4000
44.03125,4000
44.0625,4000
44.09375,4000
44.125,4000
44.15625,4000
44.1875,4000
44.21875,4000
44.25,4000
44.28125,4000
44.3125,4000
44.34375,4000
44.375,4000
44.40625,4000
44.4375,4000
44.46875,4000
44.5,4000
44.53125,4000
44.5625,4000
44.59375,4000
44.625,4000
44.65625,4000
44.6875,4000
44.71875,4000
44.75,4000
44.78125,4000
44.8125,4000
44.84375,4000
44.875,4000
44.90625,4000
44.9375,4000
44.96875,4000
45.0,4000
45.03125,4000
45.0625,4000
45.09375,4000
45.125,4000
45.15625,4000
45.1875,4000
45.21875,4000
45.25,4000
45.28125,4000
45.3125,4000
45.34375,4000
45.375,4000
45.40625,4000
45.4375,4000
45.46875,4000
45.5,4000
45.53125,4000
45.5625,4000
45.59375,4000
45.625,4000
45.65625,4000
45.6875,4000
45.71875,4000
45.75,4000
45.78125,4000
45.8125,4000
45.84375,4000
45.875,4000
45.90625,4000
45.9375,4000
45.96875,4000
46.0,4000
46.03125,4000
46.0625,4000
46.09375,4000
46.125,4000
46.15625,4000
46.1875,4000
46.21875,4000
46.25,4000
46.28125,4000
46.3125,4000
46.34375,4000
46.375,4000
46.40625,4000
46.4375,4000
46.46875,4000
46.5,4000
46.53125,4000
46.5625,4000
46.59375,4000
46.625,4000
46.65625,4000
46.6875,4000
46.71875,4000
46.75,4000
46.78125,4000
46.8125,4000
46.84375,4000
46.875,4000
46.90625,4000
46.9375,4000
46.96875,4000
47.0,4000
47.03125,4000
47.0625,4000
47.09375,4000
47.125,4000
47.15625,4000
47.1875,4000
47.21875,4000
47.25,4000
47.28125,4000
47.3125,4000
47.34375,4000
47.375,4000
47.40625,4000
47.4375,4000
47.46875,4000
47.5,4000
47.53125,4000
47.5625,4000
47.59375,4000
47.625,4000
47.65625,4000
47.6875,4000
47.71875,4000
47.75,4000
47.78125,4000
47.8125,4000
47.84375,4000
47.875,4000
47.90625,4000
47.9375,4000
47.96875,4000
48.0,4000
48.03125,4000
48.0625,4000
48.09375,4000
48.125,4000
48.15625,4000
48.1875,4000
48.21875,4000
48.25,4000
48.28125,4000
48.3125,4000
48.34375,4000
48.375,4000
48.40625,4000
48.4375,4000
48.46875,4000
48.5,4000
48.53125,4000
48.5625,4000
48.59375,4000
48.625,4000
48.65625,4000
48.6875,4000
48.71875,4000
48.75,4000
48.78125,4000
48.8125,4000
48.84375,4000
48.875,4000
48.90625,4000
48.9375,4000
48.96875,4000
49.0,4000
49.03125,4000
49.0625,4000
49.09375,4000
49.125,4000
49.15625,4000
49.1875,4000
49.21875,4000
49.25,4000
49.28125,4000
49.3125,4000
49.34375,4000
49.375,4000
49.40625,4000
49.4375,4000
49.46875,4000
49.5,4000
49.53125,4000
49.5625,4000
49.59375,4000
49.625,4000
49.65625,4000
49.6875,4000
49.71875,4000
49.75,4000
49.78125,4000
49.8125,4000
49.84375,4000
49.875,4000
49.90625,4000
49.9375,4000
49.96875,4000
50.0,4000
50.03125,4000
50.0625,4000
50.09375,4000
50.125,4000
50.15625,4000
50.1875,4000
50.21875,4000
50.25,4000
50.28125,4000
50.3125,4000
50.34375,4000
50.375,4000
50.40625,4000
50.4375,4000
50.46875,4000
50.5,4000
50.53125,4000
50.5625,4000
50.59375,4000
50.625,4000
50.65625,4000
50.6875,4000
50.71875,4000
50.75,4000
50.78125,4000
50.8125,4000
50.84375,4000
50.875,4000
50.90625,4000
50.9375,4000
50.96875,4000
51.0,4000
51.03125,4000
51.0625,4000
51.09375,4000
51.125,4000
51.15625,4000
51.1875,4000
51.21875,4000
51.25,4000
51.28125,4000
51.3125,4000
51.34375,4000
51.375,4000
51.40625,4000
51.4375,4000
51.46875,4000
51.5,4000
51.53125,4000
51.5625,4000
51.59375,4000
51.625,4000
51.65625,4000
51.6875,4000
51.71875,4000
51.75,4000
51.78125,4000
51.8125,4000
51.84375,4000
51.875,4000
51.90625,4000
51.9375,4000
51.96875,4000
52.0,4000
52.03125,4000
52.0625,4000
52.09375,4000
52.125,4000
52.15625,4000
52.1875,4000
52.21875,4000
52.25,4000
52.28125,4000
52.3125,4000
52.34375,4000
52.375,4000
52.40625,4000
52.4375,4000
52.46875,4000
52.5,4000
52.53125,4000
52.5625,4000
52.59375,4000
52.625,4000
52.65625,4000
52.6875,4000
52.71875,4000
52.75,4000
52.78125,4000
52.8125,4000
52.84375,4000
52.875,4000
52.90625,4000
52.9375,4000
52.96875,4000
53.0,4000
53.03125,4000
53.0625,4000
53.09375,4000
53.125,4000
53.15625,4000
53.1875,4000
53.21875,4000
53.25,4000
53.28125,4000
53.3125,4000
53.34375,4000
53.375,4000
53.40625,4000
53.4375,4000
53.46875,4000
53.5,4000
53.53125,4000
53.5625,4000
53.59375,4000
53.625,4000
53.65625,4000
53.6875,4000
53.71875,4000
53.75,4000
53.78125,4000
53.8125,4000
53.84375,4000
53.875,4000
53.90625,4000
53.9375,4000
53.96875,4000
54.0,4000
54.03125,4000
54.0625,4000
54.09375,4000
54.125,4000
54.15625,4000
54.1875,4000
54.21875,4000
54.25,4000
54.28125,4000
54.3125,4000
54.34375,4000
54.375,4000
54.40625,4000
54.4375,4000
54.46875,4000
54.5,4000
54.53125,4000
54.5625,4000
54.59375,4000
54.625,4000
54.65625,4000
54.6875,4000
54.71875,4000
54.75,4000
54.78125,4000
54.8125,4000
54.84375,4000
54.875,4000
54.90625,4000
54.9375,4000
54.96875,4000
55.0,4000
55.03125,4000
55.0625,4000
55.09375,4000
55.125,4000
55.15625,4000
55.1875,4000
55.21875,4000
55.25,4000
55.28125,4000
55.3125,4000
55.34375,4000
55.375,4000
55.40625,4000
55.4375,4000
55.46875,4000
55.5,4000
55.53125,4000
55.5625,4000
55.59375,4000
55.625,4000
55.65625,4000
55.6875,4000
55.71875,4000
55.75,4000
55.78125,4000
55.8125,4000
55.84375,4000
55.875,4000
55.90625,4000
55.9375,4000
55.96875,4000
56.0,4000
56.03125,4000
56.0625,4000
56.09375,4000
56.125,4000
56.15625,4000
56.1875,4000
56.21875,4000
56.25,4000
56.28125,4000
56.3125,4000
56.34375,4000
56.375,4000
56.40625,4000
56.4375,4000
56.46875,4000
56.5,4000
56.53125,4000
56.5625,4000
56.59375,4000
56.625,4000
56.65625,4000
56.6875,4000
56.71875,4000
56.75,4000
56.78125,4000
56.8125,4000
56.84375,4000
56.875,4000
56.90625,4000
56.9375,4000
56.96875,4000
57.0,4000
57.03125,4000
57.0625,4000
57.09375,4000
57.125,4000
57.15625,4000
57.1875,4000
57.21875,4000
57.25,4000
57.28125,4000
57.3125,4000
57.34375,4000
57.375,4000
57.40625,4000
57.4375,4000
57.46875,4000
57.5,4000
57.53125,4000
57.5625,4000
57.59375,4000
57.625,4000
57.65625,4000
57.6875,4000
57.71875,4000
57.75,4000
57.78125,4000
57.8125,4000
57.84375,4000
57.875,4000
57.90625,4000
57.9375,4000
57.96875,4000
58.0,4000
58.03125,4000
58.0625,4000
58.09375,4000
58.125,4000
58.15625,4000
58.1875,4000
58.21875,4000
58.25,4000
58.28125,4000
58.3125,4000
58.34375,4000
58.375,4000
58.40625,4000
58.4375,4000
58.46875,4000
58.5,4000
58.53125,4000
58.5625,4000
58.59375,4000
58.625,4000
58.65625,4000
58.6875,4000
58.71875,4000
58.75,4000
58.78125,4000
58.8125,4000
58.84375,4000
58.875,4000
58.90625,4000
58.9375,4000
58.96875,4000
59.0,4000
59.03125,4000
59.0625,4000
59.09375,4000
59.125,4000
59.15625,4000
59.1875,4000
59.21875,4000
59.25,4000
59.28125,4000
59.3125,4000
59.34375,4000
59.375,4000
59.40625,4000
59.4375,4000
59.46875,4000
59.5,4000
59.53125,4000
59.5625,4000
59.59375,4000
59.625,4000
59.65625,4000
59.6875,4000
59.71875,4000
59.75,4000
59.78125,4000
59.8125,4000
59.84375,4000
59.875,4000
59.90625,4000
59.9375,4000
59.96875,4000
60.0,4000
60.03125,4000
60.0625,4000
60.09375,4000
60.125,4000
60.15625,4000
60.1875,4000
60.21875,4000
60.25,4000
60.28125,4000
60.3125,4000
60.34375,4000
60.375,4000
60.40625,4000
60.4375,4000
60.46875,4000
60.5,4000
60.53125,4000
60.5625,4000
60.59375,4000
60.625,4000
60.65625,4000
60.6875,4000
60.71875,4000
60.75,4000
60.78125,4000
60.8125,4000
60.84375,4000
60.875,4000
60.90625,4000
60.9375,4000
60.96875,4000
61.0,4000
61.03125,4000
61.0625,4000
61.09375,4000
61.125,4000
61.15625,4000
61.1875,4000
61.21875,4000
61.25,4000
61.28125,4000
61.3125,4000
61.34375,4000
61.375,4000
61.40625,4000
61.4375,4000
61.46875,4000
61.5,4000
61.53125,4000
61.5625,4000
61.59375,4000
61.625,4000
61.65625,4000
61.6875,4000
61.71875,4000
61.75,4000
61.78125,4000
61.8125,4000
61.84375,4000
61.875,4000
61.90625,4000
61.9375,4000
61.96875,4000
62.0,4000
62.03125,4000
62.0625,4000
62.09375,4000
62.125,4000
62.15625,4000
62.1875,4000
62.21875,4000
62.25,4000
62.28125,4000
62.3125,4000
62.34375,4000
62.375,4000
62.40625,4000
62.4375,4000
62.46875,4000
62.5,4000
62.53125,4000
62.5625,4000
62.59375,4000
62.625,4000
62.65625,4000
62.6875,4000
62.71875,4000
62.75,4000
62.78125,4000
62.8125,4000
62.84375,4000
62.875,4000
62.90625,4000
62.9375,4000
62.96875,4000
63.0,4000
63.03125,4000
63.0625,4000
63.09375,4000
63.125,4000
63.15625,4000
63.1875,4000
63.21875,4000
63.25,4000
63.28125,4000
63.3125,4000
63.34375,4000
63.375,4000
63.40625,4000
63.4375,4000
63.46875,4000
63.5,4000
63.53125,4000
63.5625,4000
63.59375,4000
63.625,4000
63.65625,4000
63.6875,4000
63.71875,4000
63.75,4000
63.78125,4000
63.8125,4000
63.84375,4000
63.875,4000
63.90625,4000
63.9375,4000
63.96875,4000
64.0,4000
64.03125,4000
64.0625,4000
64.09375,4000
64.125,4000
64.15625,4000
64.1875,4000
64.21875,4000
64.25,4000
64.28125,4000
64.3125,4000
64.34375,4000
64.375,4000
64.40625,4000
64.4375,4000
64.46875,4000
64.5,4000
64.53125,4000
64.5625,4000
64.59375,4000
64.625,4000
64.65625,4000
64.6875,4000
64.71875,4000
64.75,4000
64.78125,4000
64.8125,4000
64.84375,4000
64.875,4000
64.90625,4000
64.9375,4000
64.96875,4000
65.0,4000
65.03125,4000
65.0625,4000
65.09375,4000
65.125,4000
65.15625,4000
65.1875,4000
65.21875,4000
65.25,4000
65.28125,4000
65.3125,4000
65.34375,4000
65.375,4000
65.40625,4000
65.4375,4000
65.46875,4000
65.5,4000
65.53125,4000
65.5625,4000
65.59375,4000
65.625,4000
65.65625,4000
65.6875,4000
65.71875,4000
65.75,4000
65.78125,4000
65.8125,4000
65.84375,4000
65.875,4000
65.90625,4000
65.9375,4000
65.96875,4000
66.0,4000
66.03125,4000
66.0625,4000
66.09375,4000
66.125,4000
66.15625,4000
66.1875,4000
66.21875,4000
66.25,4000
66.28125,4000
66.3125,4000
66.34375,4000
66.375,4000
66.40625,4000
66.4375,4000
66.46875,4000
66.5,4000
66.53125,4000
66.5625,4000
66.59375,4000
66.625,4000
66.65625,4000
66.6875,4000
66.71875,4000
66.75,4000
66.78125,4000
66.8125,4000
66.84375,4000
66.875,4000
66.90625,4000
66.9375,4000
66.96875,4000
67.0,4000
67.03125,4000
67.0625,4000
67.09375,4000
67.125,4000
67.15625,4000
67.1875,4000
67.21875,4000
67.25,4000
67.28125,4000
67.3125,4000
67.34375,4000
67.375,4000
67.40625,4000
67.4375,4000
67.46875,4000
67.5,4000
67.53125,4000
67.5625,4000
67.59375,4000
67.625,4000
67.65625,4000
67.6875,4000
67.71875,4000
67.75,4000
67.78125,4000
67.8125,4000
67.84375,4000
67.875,4000
67.90625,4000
67.9375,4000
67.96875,4000
68.0,4000
68.03125,4000
68.0625,4000
68.09375,4000
68.125,4000
68.15625,4000
68.1875,4000
68.21875,4000
68.25,4000
68.28125,4000
68.3125,4000
68.34375,4000
68.375,4000
68.40625,4000
68.4375,4000
68.46875,4000
68.5,4000
68.53125,4000
68.5625,4000
68.59375,4000
68.625,4000
68.65625,4000
68.6875,4000
68.71875,4000
68.75,4000
68.78125,4000
68.8125,4000
68.84375,4000
68.875,4000
68.90625,4000
68.9375,4000
68.96875,4000
69.0,4000
69.03125,4000
69.0625,4000
69.09375,4000
69.125,4000
69.15625,4000
69.1875,4000
69.21875,4000
69.25,4000
69.28125,4000
69.3125,4000
69.34375,4000
69.375,4000
69.40625,4000
69.4375,4000
69.46875,4000
69.5,4000
69.53125,4000
69.5625,4000
69.59375,4000
69.625,4000
69.65625,4000
69.6875,4000
69.71875,4000
69.75,4000
69.78125,4000
69.8125,4000
69.84375,4000
69.875,4000
69.90625,4000
69.9375,4000
69.96875,4000
70.0,4000
70.03125,4000
70.0625,4000
70.09375,4000
70.125,4000
70.15625,4000
70.1875,4000
70.21875,4000
70.25,4000
70.28125,4000
70.3125,4000
70.34375,4000
70.375,4000
70.40625,4000
70.4375,4000
70.46875,4000
70.5,4000
70.53125,4000
70.5625,4000
70.59375,4000
70.625,4000
70.65625,4000
70.6875,4000
70.71875,4000
70.75,4000
70.78125,4000
70.8125,4000
70.84375,4000
70.875,4000
70.90625,4000
70.9375,4000
70.96875,4000
71.0,4000
71.03125,4000
71.0625,4000
71.09375,4000
71.125,4000
71.15625,4000
71.1875,4000
71.21875,4000
71.25,4000
71.28125,4000
71.3125,4000
71.34375,4000
71.375,4000
71.40625,4000
71.4375,4000
71.46875,4000
71.5,4000
71.53125,4000
71.5625,4000
71.59375,4000
71.625,4000
71.65625,4000
71.6875,4000
71.71875,4000
71.75,4000
71.78125,4000
71.8125,4000
71.84375,4000
71.875,4000
71.90625,4000
71.9375,4000
71.96875,4000
72.0,4000
72.03125,4000
72.0625,4000
72.09375,4000
72.125,4000
72.15625,4000
72.1875,4000
72.21875,4000
72.25,4000
72.28125,4000
72.3125,4000
72.34375,4000
72.375,4000
72.40625,4000
72.4375,4000
72.46875,4000
72.5,4000
72.53125,4000
72.5625,4000
72.59375,4000
72.625,4000
72.65625,4000
72.6875,4000
72.71875,4000
72.75,4000
72.78125,4000
72.8125,4000
72.84375,4000
72.875,4000
72.90625,4000
72.9375,4000
72.96875,4000
73.0,4000
73.03125,4000
73.0625,4000
73.09375,4000
73.125,4000
73.15625,4000
73.1875,4000
73.21875,4000
73.25,4000
73.28125,4000
73.3125,4000
73.34375,4000
73.375,4000
73.40625,4000
73.4375,4000
73.46875,4000
73.5,4000
73.53125,4000
73.5625,4000
73.59375,4000
73.625,4000
73.65625,4000
73.6875,4000
73.71875,4000
73.75,4000
73.78125,4000
73.8125,4000
73.84375,4000
73.875,4000
73.90625,4000
73.9375,4000
73.96875,4000
74.0,4000
74.03125,4000
74.0625,4000
74.09375,4000
74.125,4000
74.15625,4000
74.1875,4000
74.21875,4000
74.25,4000
74.28125,4000
74.3125,4000
74.34375,4000
74.375,4000
74.40625,4000
74.4375,4000
74.46875,4000
74.5,4000
74.53125,4000
74.5625,4000
74.59375,4000
74.625,4000
74.65625,4000
74.6875,4000
74.71875,4000
74.75,4000
74.78125,4000
74.8125,4000
74.84375,4000
74.875,4000
74.90625,4000
74.9375,4000
74.96875,4000
75.0,4000
75.03125,4000
75.0625,4000
75.09375,4000
75.125,4000
75.15625,4000
75.1875,4000
75.21875,4000
75.25,4000
75.28125,4000
75.3125,4000
75.34375,4000
75.375,4000
75.40625,4000
75.4375,4000
75.46875,4000
75.5,4000
75.53125,4000
75.5625,4000
75.59375,4000
75.625,4000
75.65625,4000
75.6875,4000
75.71875,4000
75.75,4000
75.78125,4000
75.8125,4000
75.84375,4000
75.875,4000
75.90625,4000
75.9375,4000
75.96875,4000
76.0,4000
76.03125,4000
76.0625,4000
76.09375,4000
76.125,4000
76.15625,4000
76.1875,4000
76.21875,4000
76.25,4000
76.28125,4000
76.3125,4000
76.34375,4000
76.375,4000
76.40625,4000
76.4375,4000
76.46875,4000
76.5,4000
76.53125,4000
76.5625,4000
76.59375,4000
76.625,4000
76.65625,4000
76.6875,4000
76.71875,4000
76.75,4000
76.78125,4000
76.8125,4000
76.84375,4000
76.875,4000
76.90625,4000
76.9375,4000
76.96875,4000
77.0,4000
77.03125,4000
77.0625,4000
77.09375,4000
77.125,4000
77.15625,4000
77.1875,4000
77.21875,4000
77.25,4000
77.28125,4000
77.3125,4000
77.34375,4000
77.375,4000
77.40625,4000
77.4375,4000
77.46875,4000
77.5,4000
77.53125,4000
77.5625,4000
77.59375,4000
77.625,4000
77.65625,4000
77.6875,4000
77.71875,4000
77.75,4000
77.78125,4000
77.8125,4000
77.84375,4000
77.875,4000
77.90625,4000
77.9375,4000
77.96875,4000
78.0,4000
78.03125,4000
78.0625,4000
78.09375,4000
78.125,4000
78.15625,4000
78.1875,4000
78.21875,4000
78.25,4000
78.28125,4000
78.3125,4000
78.34375,4000
78.375,4000
78.40625,4000
78.4375,4000
78.46875,4000
78.5,4000
78.53125,4000
78.5625,4000
78.59375,4000
78.625,4000
78.65625,4000
78.6875,4000
78.71875,4000
78.75,4000
78.78125,4000
78.8125,4000
78.84375,4000
78.875,4000
78.90625,4000
78.9375,4000
78.96875,4000
79.0,4000
79.03125,4000
79.0625,4000
79.09375,4000
79.125,4000
79.15625,4000
79.1875,4000
79.21875,4000
79.25,4000
79.28125,4000
79.3125,4000
79.34375,4000
79.375,4000
79.40625,4000
79.4375,4000
79.46875,4000
79.5,4000
79.53125,4000
79.5625,4000
79.59375,4000
79.625,4000
79.65625,4000
79.6875,4000
79.71875,4000
79.75,4000
79.78125,4000
79.8125,4000
79.84375,4000
79.875,4000
79.90625,4000
79.9375,4000
79.96875,4000
80.0,4000
80.03125,4000
80.0625,4000
80.09375,4000
80.125,4000
80.15625,4000
80.1875,4000
80.21875,4000
80.25,4000
80.28125,4000
80.3125,4000
80.34375,4000
80.375,4000
80.40625,4000
80.4375,4000
80.46875,4000
80.5,4000
80.53125,4000
80.5625,4000
80.59375,4000
80.625,4000
80.65625,4000
80.6875,4000
80.71875,4000
80.75,4000
80.78125,4000
80.8125,4000
80.84375,4000
80.875,4000
80.90625,4000
80.9375,4000
80.96875,4000
81.0,4000
81.03125,4000
81.0625,4000
81.09375,4000
81.125,4000
81.15625,4000
81.1875,4000
81.21875,4000
81.25,4000
81.28125,4000
81.3125,4000
81.34375,4000
81.375,4000
81.40625,4000
81.4375,4000
81.46875,4000
81.5,4000
81.53125,4000
81.5625,4000
81.59375,4000
81.625,4000
81.65625,4000
81.6875,4000
81.71875,4000
81.75,4000
81.78125,4000
81.8125,4000
81.84375,4000
81.875,4000
81.90625,4000
81.9375,4000
81.96875,4000
82.0,4000
82.03125,4000
82.0625,4000
82.09375,4000
82.125,4000
82.15625,4000
82.1875,4000
82.21875,4000
82.25,4000
82.28125,4000
82.3125,4000
82.34375,4000
82.375,4000
82.40625,4000
82.4375,4000
82.46875,4000
82.5,4000
82.53125,4000
82.5625,4000
82.59375,4000
82.625,4000
82.65625,4000
82.6875,4000
82.71875,4000
82.75,4000
82.78125,4000
82.8125,4000
82.84375,4000
82.875,4000
82.90625,4000
82.9375,4000
82.96875,4000
83.0,4000
83.03125,4000
83.0625,4000
83.09375,4000
83.125,4000
83.15625,4000
83.1875,4000
83.21875,4000
83.25,4000
83.28125,4000
83.3125,4000
83.34375,4000
83.375,4000
83.40625,4000
83.4375,4000
83.46875,4000
83.5,4000
83.53125,4000
83.5625,4000
83.59375,4000
83.625,4000
83.65625,4000
83.6875,4000
83.71875,4000
83.75,4000
83.78125,4000
83.8125,4000
83.84375,4000
83.875,4000
83.90625,4000
83.9375,4000
83.96875,4000
84.0,4000
84.03125,4000
84.0625,4000
84.09375,4000
84.125,4000
84.15625,4000
84.1875,4000
84.21875,4000
84.25,4000
84.28125,4000
84.3125,4000
84.34375,4000
84.375,4000
84.40625,4000
84.4375,4000
84.46875,4000
84.5,4000
84.53125,4000
84.5625,4000
84.59375,4000
84.625,4000
84.65625,4000
84.6875,4000
84.71875,4000
84.75,4000
84.78125,4000
84.8125,4000
84.84375,4000
84.875,4000
84.90625,4000
84.9375,4000
84.96875,4000
85.0,4000
85.03125,4000
85.0625,4000
85.09375,4000
85.125,4000
85.15625,4000
85.1875,4000
85.21875,4000
85.25,4000
85.28125,4000
85.3125,4000
85.34375,4000
85.375,4000
85.40625,4000
85.4375,4000
85.46875,4000
85.5,4000
85.53125,4000
85.5625,4000
85.59375,4000
85.625,4000
85.65625,4000
85.6875,4000
85.71875,4000
85.75,4000
85.78125,4000
85.8125,4000
85.84375,4000
85.875,4000
85.90625,4000
85.9375,4000
85.96875,4000
86.0,4000
86.03125,4000
86.0625,4000
86.09375,4000
86.125,4000
86.15625,4000
86.1875,4000
86.21875,4000
86.25,4000
86.28125,4000
86.3125,4000
86.34375,4000
86.375,4000
86.40625,4000
86.4375,4000
86.46875,4000
86.5,4000
86.53125,4000
86.5625,4000
86.59375,4000
86.625,4000
86.65625,4000
86.6875,4000
86.71875,4000
86.75,4000
86.78125,4000
86.8125,4000
86.84375,4000
86.875,4000
86.90625,4000
86.9375,4000
86.96875,4000
87.0,4000
87.03125,4000
87.0625,4000
87.09375,4000
87.125,4000
87.15625,4000
87.1875,4000
87.21875,4000
87.25,4000
87.28125,4000
87.3125,4000
87.34375,4000
87.375,4000
87.40625,4000
87.4375,4000
87.46875,4000
87.5,4000
87.53125,4000
87.5625,4000
87.59375,4000
87.625,4000
87.65625,4000
87.6875,4000
87.71875,4000
87.75,4000
87.78125,4000
87.8125,4000
87.84375,4000
87.875,4000
87.90625,4000
87.9375,4000
87.96875,4000
88.0,4000
88.03125,4000
88.0625,4000
88.09375,4000
88.125,4000
88.15625,4000
88.1875,4000
88.21875,4000
88.25,4000
88.28125,4000
88.3125,4000
88.34375,4000
88.375,4000
88.40625,4000
88.4375,4000
88.46875,4000
88.5,4000
88.53125,4000
88.5625,4000
88.59375,4000
88.625,4000
88.65625,4000
88.6875,4000
88.71875,4000
88.75,4000
88.78125,4000
88.8125,4000
88.84375,4000
88.875,4000
88.90625,4000
88.9375,4000
88.96875,4000
89.0,4000
89.03125,4000
89.0625,4000
89.09375,4000
89.125,4000
89.15625,4000
89.1875,4000
89.21875,4000
89.25,4000
89.28125,4000
89.3125,4000
89.34375,4000
89.375,4000
89.40625,4000
89.4375,4000
89.46875,4000
89.5,4000
89.53125,4000
89.5625,4000
89.59375,4000
89.625,4000
89.65625,4000
89.6875,4000
89.71875,4000
89.75,4000
89.78125,4000
89.8125,4000
89.84375,4000
89.875,4000
89.90625,4000
89.9375,4000
89.96875,4000
90.0,4000
90.03125,4000
90.0625,4000
90.09375,4000
90.125,4000
90.15625,4000
90.1875,4000
90.21875,4000
90.25,4000
90.28125,4000
90.3125,4000
90.34375,4000
90.375,4000
90.40625,4000
90.4375,4000
90.46875,4000
90.5,4000
90.53125,4000
90.5625,4000
90.59375,4000
90.625,4000
90.65625,4000
90.6875,4000
90.71875,4000
90.75,4000
90.78125,4000
90.8125,4000
90.84375,4000
90.875,4000
90.90625,4000
90.9375,4000
90.96875,4000
91.0,4000
91.03125,4000
91.0625,4000
91.09375,4000
91.125,4000
91.15625,4000
91.1875,4000
91.21875,4000
91.25,4000
91.28125,4000
91.3125,4000
91.34375,4000
91.375,4000
91.40625,4000
91.4375,4000
91.46875,4000
91.5,4000
91.53125,4000
91.5625,4000
91.59375,4000
91.625,4000
91.65625,4000
91.6875,4000
91.71875,4000
91.75,4000
91.78125,4000
91.8125,4000
91.84375,4000
91.875,4000
91.90625,4000
91.9375,4000
91.96875,4000
92.0,4000
92.03125,4000
92.0625,4000
92.09375,4000
92.125,4000
92.15625,4000
92.1875,4000
92.21875,4000
92.25,4000
92.28125,4000
92.3125,4000
92.34375,4000
92.375,4000
92.40625,4000
92.4375,4000
92.46875,4000
92.5,4000
92.53125,4000
92.5625,4000
92.59375,4000
92.625,4000
92.65625,4000
92.6875,4000
92.71875,4000
92.75,4000
92.78125,4000
92.8125,4000
92.84375,4000
92.875,4000
92.90625,4000
92.9375,4000
92.96875,4000
93.0,4000
93.03125,4000
93.0625,4000
93.09375,4000
93.125,4000
93.15625,4000
93.1875,4000
93.21875,4000
93.25,4000
93.28125,4000
93.3125,4000
93.34375,4000
93.375,4000
93.40625,4000
93.4375,4000
93.46875,4000
93.5,4000
93.53125,4000
93.5625,4000
93.59375,4000
93.625,4000
93.65625,4000
93.6875,4000
93.71875,4000
93.75,4000
93.78125,4000
93.8125,4000
93.84375,4000
93.875,4000
93.90625,4000
93.9375,4000
93.96875,4000
94.0,4000
94.03125,4000
94.0625,4000
94.09375,4000
94.125,4000
94.15625,4000
94.1875,4000
94.21875,4000
94.25,4000
94.28125,4000
94.3125,4000
94.34375,4000
94.375,4000
94.40625,4000
94.4375,4000
94.46875,4000
94.5,4000
94.53125,4000
94.5625,4000
94.59375,4000
94.625,4000
94.65625,4000
94.6875,4000
94.71875,4000
94.75,4000
94.78125,4000
94.8125,4000
94.84375,4000
94.875,4000
94.90625,4000
94.9375,4000
94.96875,4000
95.0,4000
95.03125,4000
95.0625,4000
95.09375,4000
95.125,4000
95.15625,4000
95.1875,4000
95.21875,4000
95.25,4000
95.28125,4000
95.3125,4000
95.34375,4000
95.375,4000
95.40625,4000
95.4375,4000
95.46875,4000
95.5,4000
95.53125,4000
95.5625,4000
95.59375,4000
95.625,4000
95.65625,4000
95.6875,4000
95.71875,4000
95.75,4000
95.78125,4000
95.8125,4000
95.84375,4000
95.875,4000
95.90625,4000
95.9375,4000
95.96875,4000
96.0,4000
96.03125,4000
96.0625,4000
96.09375,4000
96.125,4000
96.15625,4000
96.1875,4000
96.21875,4000
96.25,4000
96.28125,4000
96.3125,4000
96.34375,4000
96.375,4000
96.40625,4000
96.4375,4000
96.46875,4000
96.5,4000
96.53125,4000
96.5625,4000
96.59375,4000
96.625,4000
96.65625,4000
96.6875,4000
96.71875,4000
96.75,4000
96.78125,4000
96.8125,4000
96.84375,4000
96.875,4000
96.90625,4000
96.9375,4000
96.96875,4000
97.0,4000
97.03125,4000
97.0625,4000
97.09375,4000
97.125,4000
97.15625,4000
97.1875,4000
97.21875,4000
97.25,4000
97.28125,4000
97.3125,4000
97.34375,4000
97.375,4000
97.40625,4000
97.4375,4000
97.46875,4000
97.5,4000
97.53125,4000
97.5625,4000
97.59375,4000
97.625,4000
97.65625,4000
97.6875,4000
97.71875,4000
97.75,4000
97.78125,4000
97.8125,4000
97.84375,4000
97.875,4000
97.90625,4000
97.9375,4000
97.96875,4000
98.0,4000
98.03125,4000
98.0625,4000
98.09375,4000
98.125,4000
98.15625,4000
98.1875,4000
98.21875,4000
98.25,4000
98.28125,4000
98.3125,4000
98.34375,4000
98.375,4000
98.40625,4000
98.4375,4000
98.46875,4000
98.5,4000
98.53125,4000
98.5625,4000
98.59375,4000
98.625,4000
98.65625,4000
98.6875,4000
98.71875,4000
98.75,4000
98.78125,4000
98.8125,4000
98.84375,4000
98.875,4000
98.90625,4000
98.9375,4000
98.96875,4000
99.0,4000
99.03125,4000
99.0625,4000
99.09375,4000
99.125,4000
99.15625,4000
99.1875,4000
99.21875,4000
99.25,4000
99.28125,4000
99.3125,4000
99.34375,4000
99.375,4000
99.40625,4000
99.4375,4000
99.46875,4000
99.5,4000
99.53125,4000
99.5625,4000
99.59375,4000
99.625,4000
99.65625,4000
99.6875,4000
99.71875,4000
99.75,4000
99.78125,4000
99.8125,4000
99.84375,4000
99.875,4000
99.90625,4000
99.9375,4000
99.96875,4000
100.0,4000
