time(mS),current(pA)
0.03125,2328.1122849633152
0.0625,2406.1482946059505
0.09375,2484.0318280887823
0.125,2561.6868334630694
0.15625,2639.0374819338904
0.1875,2716.008241905675
0.21875,2792.5239527375256
0.25,2868.509898136307
0.28125,2943.8918791158408
0.3125,3018.596286450952
0.34375,3092.550172555633
0.375,3165.681322715119
0.40625,3237.9183256023357
0.4375,3309.190643009845
0.46875,3379.4286787292094
0.5,3448.563846510507
0.53125,3516.5286370356434
0.5625,3583.2566838400503
0.59375,3648.682828118417
0.625,3712.743182351155
0.65625,3775.3751926894784
0.6875,3836.517700038173
0.71875,3896.110999776419
0.75,3954.0969000583355
0.78125,4010.4187786363345
0.8125,4065.021638151781
0.84375,4117.852159838985
0.875,4168.858755590068
0.90625,4217.991618329873
0.9375,4265.202770651733
0.96875,4310.446111666592
1.0,4353.677462019741
1.03125,4394.854607031209
1.0625,4433.937337917679
1.09375,4470.887491055682
1.125,4505.668985247738
1.15625,4538.247856955017
1.1875,4568.592293462169
1.21875,4596.672663941899
1.25,4622.461548388966
1.28125,4645.9337643953495
1.3125,4667.066391740451
1.34375,4685.838794772293
1.375,4702.232642557889
1.40625,4716.231926783084
1.4375,4727.822977384404
1.46875,4736.99447589764
1.5,4743.737466510136
1.53125,4748.04536480599
1.5625,4749.913964195623
1.59375,4749.341440023439
1.625,4746.328351349579
1.65625,4740.877640403999
1.6875,4732.9946297134375
1.71875,4722.687016904057
1.75,4709.964867184843
1.78125,4694.8406035190965
1.8125,4677.328994493626
1.84375,4657.447139897468
1.875,4635.214454024234
1.90625,4610.652646714386
1.9375,4583.78570215594
1.96875,4554.63985546432
2.0,4523.243567064204
2.03125,4489.627494898415
2.0625,4453.8244644909455
2.09375,4415.869436893404
2.125,4375.79947454613
2.15625,4333.653705087359
2.1875,4289.473283145743
2.21875,4243.301350153551
2.25,4195.182992219803
2.28125,4145.165196104438
2.3125,4093.2968033365473
2.34375,4039.628462521448
2.375,3984.2125798831794
2.40625,3927.103268090716
2.4375,3868.3562934178613
2.46875,3808.0290212884315
2.5,3746.1803602598916
2.53125,3682.8707045001465
2.5625,3618.1618748136634
2.59375,3552.117058274505
2.625,3484.800746525223
2.65625,3416.2786728018646
2.6875,3346.617747746583
2.71875,3275.885994070529
2.75,3204.1524801308296
2.78125,3131.48725248651
2.8125,3057.9612674992172
2.84375,2983.6463220455344
2.875,2908.6149834085522
2.90625,2832.9405184171474
2.9375,2756.6968219021683
2.96875,2679.958344539384
3.0,2602.800020149668
3.03125,2525.2971925273887
3.0625,2447.525541868474
3.09375,2369.5610108699875
3.125,2291.4797305733696
3.15625,2213.3579460237693
3.1875,2135.271941818051
3.21875,2057.2979676141804
3.25,1979.5121636747292
3.28125,1901.9904865171968
3.3125,1824.8086347437643
3.34375,1748.041975122891
3.375,1671.7654689949454
3.40625,1596.0535990737287
3.4375,1520.980296715368
3.46875,1446.6188697256011
3.5,1373.0419307759505
3.53125,1300.3213264986796
3.5625,1228.5280673297764
3.59375,1157.7322581684684
3.625,1088.0030299209777
3.65625,1019.4084719953635
3.6875,952.015565813372
3.71875,885.8901194042138
3.75,821.0967031441407
3.78125,757.6985867045685
3.8125,695.7576772703175
3.84375,635.334459088296
3.875,576.48793440566
3.90625,519.2755658551209
3.9375,463.7532203436584
3.96875,409.9751144994354
4.0,357.99376173017953
4.03125,307.8599209447322
4.0625,259.6225469878355
4.09375,213.32874283655684
4.125,169.02371360503182
4.15625,126.75072240243612
4.1875,86.55104808729524
4.21875,48.463944959378225
4.25,12.52660442854131
4.28125,-21.225881302054106
4.3125,-52.760553502880505
4.34375,-82.04661910168609
4.375,-109.05548075240607
4.40625,-133.76076475998616
4.4375,-156.13834683384843
4.46875,-176.1663756448517
4.5,-193.82529416274247
4.53125,-209.09785875326548
4.5625,-221.96915601627703
4.59375,-232.42661734842963
4.625,-240.46003121619808
4.65625,-246.06155312727
4.6875,-249.22571329055842
4.71875,-249.94942195736058
4.75,-248.23197243844493
4.78125,-244.07504179412092
4.8125,-237.4826891966189
4.84375,-228.46135196637584
4.875,-217.0198392861028
4.90625,-203.16932359876637
4.9375,-186.9233296978884
4.96875,-168.2977215208137
5.0,-147.31068665784608
5.03125,-123.98271859237336
5.0625,-98.33659668932904
5.09375,-70.3973639515304
5.125,-40.19230256560896
5.15625,-7.750907261420414
5.1875,26.895143489060192
5.21875,63.71201840522811
5.25,102.66376643352004
5.28125,143.71235185300785
5.3125,186.81769141663557
5.34375,231.93769349182853
5.375,279.0282991622589
5.40625,328.0435252506297
5.4375,378.93550922046796
5.46875,431.65455591307773
5.5,486.14918607402024
5.53125,542.3661866217321
5.5625,600.2506626091963
5.59375,659.7460908279262
5.625,720.7943750019205
5.65625,783.3359025176886
5.6875,847.3096026349583
5.71875,912.6530061212165
5.75,979.3023062518544
5.78125,1047.1924211163505
5.8125,1116.257057169654
5.84375,1186.4287739667043
5.875,1257.6390500168825
5.90625,1329.818349694083
5.9375,1402.8961911370739
5.96875,1476.8012150738364
6.0,1551.4612545026855
6.03125,1626.8034051621194
6.0625,1702.7540967205962
6.09375,1779.2391646167132
6.125,1856.1839224796424
6.15625,1933.5132350591039
6.1875,2011.1515915936634
6.21875,2089.0231795457094
6.25,2167.051958631108
6.28125,2245.1617350712527
6.3125,2323.2762359949934
6.34375,2401.319183917803
6.375,2479.214371225444
6.40625,2556.885734589415
6.4375,2634.2574292414934
6.46875,2711.2539030348703
6.5,2787.799970219539
6.53125,2863.8208848599
6.5625,2939.2424138229035
6.59375,3013.99090926544
6.625,3087.9933805502137
6.65625,3161.1775655198558
6.6875,3233.4720010597002
6.71875,3304.8060928802975
6.75,3375.1101844515442
6.78125,3444.3156250211005
6.8125,3512.354836650686
6.84375,3579.1613802047873
6.875,3644.670020227351
6.90625,3708.8167886430924
6.9375,3771.539047221243
6.96875,3832.775548740714
7.0,3892.4664967969725
7.03125,3950.553604192214
7.0625,4006.98014985182
7.09375,4061.6910342115275
7.125,4114.632833021219
7.15625,4165.753849512792
7.1875,4215.004164881182
7.21875,4262.335687029222
7.25,4307.7021975287635
7.28125,4351.059396752186
7.3125,4392.364947130231
7.34375,4431.57851449392
7.375,4468.661807460188
7.40625,4503.578614822767
7.4375,4536.294840911816
7.46875,4566.778538887762
7.5,4594.999941936847
7.53125,4620.93149233792
7.5625,4644.5478683720785
7.59375,4665.826009048902
7.625,4684.745136625116
7.65625,4701.286776893704
7.6875,4715.434777223661
7.71875,4727.175322332759
7.75,4736.4969477779405
7.78125,4743.390551150148
7.8125,4747.849400962675
7.84375,4749.869143224348
7.875,4749.447805691123
7.90625,4746.585799791951
7.9375,4741.285920227026
7.96875,4733.553342238799
8.0,4723.395616558454
8.03125,4710.822662032739
8.0625,4695.846755938379
8.09375,4678.482521993533
8.125,4658.74691607797
8.15625,4636.65920967595
8.1875,4612.240971057939
8.21875,4585.516044219563
8.25,4556.510525598351
8.28125,4525.252738591004
8.3125,4491.773205896084
8.34375,4456.104619709108
8.375,4418.281809799184
8.40625,4378.341709498324
8.4375,4336.323319636679
8.46875,4292.267670458885
8.5,4246.217781558726
8.53125,4198.218619871236
8.5625,4148.317055763242
8.59375,4096.561817265254
8.625,4043.0034424893643
8.65625,3987.69423027964
8.6875,3930.6881891431944
8.71875,3872.0409845117865
8.75,3811.809884385481
8.78125,3750.0537034114127
8.8125,3686.8327454522837
8.84375,3622.208744700664
8.875,3556.2448053966014
8.90625,3489.0053402073986
8.9375,3420.556007329742
8.96875,3350.9636463755833
9.0,3280.296213104392
9.03125,3208.622713065511
9.0625,3136.0131342154114
9.09375,3062.538378575635
9.125,2988.2701929981768
9.15625,2913.2810991059027
9.1875,2837.644322476413
9.21875,2761.43372113851
9.25,2684.7237134510838
9.28125,2607.5892054348533
9.3125,2530.105517627902
9.34375,2452.348311536454
9.375,2374.3935157526967
9.40625,2296.3172518117985
9.4375,2218.1957598605227
9.46875,2140.105324210017
9.5,2062.1221988454768
9.53125,1984.3225329654267
9.5625,1906.782296623317
9.59375,1829.5772065440563
9.625,1752.782652187916
9.65625,1676.4736221340004
9.6875,1600.7246308551714
9.71875,1525.6096459559326
9.75,1451.202015944316
9.78125,1377.57439860831
9.8125,1304.7986900667624
9.84375,1232.945954564041
9.875,1162.086355077003
9.90625,1092.289084802041
9.9375,1023.6222995891
9.96875,956.153051388646
10.0,889.9472227765756
10.03125,825.069462620997
10.0625,761.5831229537096
10.09375,699.5501971080171
10.125,639.0312591832928
10.15625,580.0854048953971
10.1875,522.7701938707149
10.21875,467.1415934401571
10.25,413.2539239880115
10.28125,361.1598059090099
10.3125,310.91010822540454
10.34375,262.5538989142331
10.375,216.13839699326925
10.40625,171.70892641245578
10.4375,129.30887179583377
10.46875,88.97963607719662
10.5,50.76060007082495
10.53125,14.689084016791531
10.5625,-19.19968886161999
10.59375,-50.87262675279591
10.625,-80.29880157038343
10.65625,-107.44947915404396
10.6875,-132.29814732787116
10.71875,-154.8205417890819
10.75,-174.99466980169632
10.78125,-192.80083167207002
10.8125,-208.22163998531235
10.84375,-221.24203658380083
10.875,-231.84930727121662
10.90625,-240.0330942277415
10.9375,-245.78540612429396
10.96875,-249.10062592592513
11.0,-249.97551637675863
11.03125,-248.40922316111653
11.0625,-244.40327573774374
11.09375,-237.9615858463169
11.125,-229.0904436876978
11.15625,-217.7985117816586
11.1875,-204.09681650807838
11.21875,-187.99873733987033
11.25,-169.51999377815358
11.28125,-148.67863000242647
11.3125,-125.49499725073271
11.34375,-99.99173394702132
11.375,-72.19374359511144
11.40625,-42.12817046084227
11.4375,-9.824373066158188
11.46875,24.686104478988945
11.5,61.36956327892879
11.53125,100.19018255867124
11.5625,141.1100546422861
11.59375,184.08922196910538
11.625,229.0857161116025
11.65625,276.05559875685
11.6875,324.95300461153647
11.71875,375.7301861886472
11.75,428.33756043207495
11.78125,482.7237571336324
11.8125,538.835669095189
11.84375,596.6185039869484
11.875,656.0158378512299
11.90625,716.9696701995038
11.9375,779.420480648885
11.96875,843.3072870427768
12.0,908.5677049989127
12.03125,975.1380088266451
12.0625,1042.9531937540025
12.09375,1111.9470394037455
12.125,1182.052174456442
12.15625,1253.2001424374157
12.1875,1325.3214685633336
12.21875,1398.345727583153
12.25,1472.2016125471819
12.28125,1546.8170044371077
12.3125,1622.1190425889934
12.34375,1698.03419584048
12.375,1774.4883343327178
12.40625,1851.4068018969174
12.4375,1928.7144889548292
12.46875,2006.335905861974
12.5,2084.1952566219984
12.53125,2162.2165129001796
12.5625,2240.323488263804
12.59375,2318.439912576926
12.625,2396.4895064768602
12.65625,2474.3960558596873
12.6875,2552.083486302029
12.71875,2629.4759373464367
12.75,2706.497836577835
12.78125,2783.073973418708
12.8125,2859.1295725709488
12.84375,2934.5903670326684
12.875,3009.3826706186665
12.90625,3083.4334499137362
12.9375,3156.6703955885578
12.96875,3229.021993008532
13.0,3300.4175920666025
13.03125,3370.787476171893
13.0625,3440.0629303267715
13.09375,3508.176308225878
13.125,3575.061098311597
13.15625,3640.651988721463
13.1875,3704.8849310640862
13.21875,3767.69720296132
13.25,3829.027469295597
13.28125,3888.8158421026333
13.3125,3947.0039390510083
13.34375,4003.5349404515196
13.375,4058.3536447406464
13.40625,4111.406522383939
13.4375,4162.641768146699
13.46875,4212.0093516809175
13.5,4259.461066379052
13.53125,4304.95057644697
13.5625,4348.43346215006
13.59375,4389.867263188348
13.625,4429.211520158265
13.65625,4466.427814060559
13.6875,4501.47980381581
13.71875,4534.3332617508595
13.75,4564.956107021569
13.78125,4593.318436939207
13.8125,4619.392556169927
13.84375,4643.153003778785
13.875,4664.576578091913
13.90625,4683.642359352557
13.9375,4700.331730148868
13.96875,4714.628393593486
14.0,4726.518389237176
14.03125,4735.990106700968
14.0625,4743.034297013498
14.09375,4747.644081642465
14.125,4749.81495921141
14.15625,4749.5448098952265
14.1875,4746.833897490137
14.21875,4741.684869156102
14.25,4734.102752831906
14.28125,4724.094952325472
14.3125,4711.671240084159
14.34375,4696.843747652135
14.375,4679.626953824134
14.40625,4660.037670507157
14.4375,4638.095026303926
14.46875,4613.820447834133
14.5,4587.237638811707
14.53125,4558.372556898543
14.5625,4527.253388357279
14.59375,4493.910520527895
14.625,4458.376512154989
14.65625,4420.686061594714
14.6875,4380.875972932428
14.71875,4338.98512004412
14.75,4295.054408636735
14.78125,4249.126736304448
14.8125,4201.246950639887
14.84375,4151.461805441217
14.875,4099.819915057859
14.90625,4046.371706919397
14.9375,3991.169372294045
14.96875,3934.2668153247673
15.0,3875.719600392792
15.03125,3815.5848978599383
15.0625,3753.921428242727
15.09375,3690.789404872794
15.125,3626.2504750995918
15.15625,3560.3676600928
15.1875,3493.205293303224
15.21875,3424.8289576422712
15.25,3355.3054214413487
15.28125,3284.7025732537227
15.3125,3213.0893555624993
15.34375,3140.535697459458
15.375,3067.1124463604815
15.40625,2992.891298824255
15.4375,2917.9447305417943
15.46875,2842.345925565164
15.5,2766.1687048444915
15.53125,2689.4874541430618
15.5625,2612.377051400884
15.59375,2534.9127936176496
15.625,2457.1703233264957
15.65625,2379.2255547303503
15.6875,2301.154599573004
15.71875,2223.033692817282
15.75,2144.939118202898
15.78125,2066.9471337566774
15.8125,1989.1338973278864
15.84375,1911.5753922213858
15.875,1834.3473530012227
15.90625,1757.5251915371155
15.9375,1681.1839233660403
15.96875,1605.3980944408345
16.0,1530.2417083373368
16.03125,1455.7881539911532
16.0625,1382.1101340346058
16.09375,1309.2795938038457
16.125,1237.3676510854543
16.15625,1166.444526671131
16.1875,1096.5794757882811
16.21875,1027.8407204734633
16.25,960.2953829547267
16.28125,894.0094201078961
16.3125,829.0475590507998
16.34375,765.47323393834
16.375,703.3485240201151
16.40625,642.7340930210873
16.4375,583.6891299044838
16.46875,526.2712910747786
16.5,470.5366440771924
16.53125,416.53961284868643
16.5625,364.33292457391104
16.59375,313.9675581980045
16.625,265.4926946465189
16.65625,218.95566880108075
16.6875,174.40192327768222
16.71875,131.8749640527378
16.75,91.41631798023603
16.78125,53.065492241472775
16.8125,16.859935766958266
16.84375,-17.164997331829134
16.875,-48.97608228512984
16.90625,-78.5422561083307
16.9375,-105.8346479344388
16.96875,-130.8266072059952
17.0,-153.49372969889197
17.03125,-173.8138813526821
17.0625,-191.76721988411362
17.09375,-207.33621416278436
17.125,-220.5056613299905
17.15625,-231.262701644063
17.1875,-239.59683103768504
17.21875,-245.49991137493566
17.25,-248.96617839804293
17.28125,-249.992247356082
17.3125,-248.5771163101283
17.34375,-244.72216711163287
17.375,-238.43116405306841
17.40625,-229.7102501921619
17.4375,-218.56794135330176
17.46875,-205.01511781198133
17.5,-189.0650136703939
17.53125,-170.7332039345555
17.5625,-150.03758930557802
17.59375,-126.99837869993597
17.625,-101.63806951580423
17.65625,-73.98142566472976
17.6875,-44.055453390092204
17.71875,-11.889374895965865
17.75,22.4854001878666
17.78125,59.035305476885235
17.8125,97.7246506088375
17.84375,138.51565609477035
17.875,181.3684902100615
17.90625,226.24130788942182
17.9375,273.09029158789104
17.96875,321.86969406792775
18.0,372.53188307080967
18.03125,425.0273878287272
18.0625,479.30494737214724
18.09375,535.3115605852802
18.125,592.9925379607708
18.15625,652.2915550030747
18.1875,713.1507072283697
18.21875,775.5105667073047
18.25,839.310240095362
18.28125,904.4874280941764
18.3125,970.9784862857415
18.34375,1038.7184872801045
18.375,1107.641284115861
18.40625,1177.6795748515392
18.4375,1248.764968284805
18.46875,1320.828050735309
18.5,1393.7984538259686
18.53125,1467.6049231964932
18.5625,1542.175388082059
18.59375,1617.4370316891857
18.625,1693.316362300102
18.65625,1769.7392850361587
18.6875,1846.6311742102225
18.71875,1923.9169461973913
18.75,2001.5211327528796
18.78125,2079.3679547054808
18.8125,2157.3813959546396
18.84375,2235.4852776988855
18.875,2313.60333282314
18.90625,2391.6592803722588
18.9375,2469.57690003809
18.96875,2547.2801065873145
19.0,2624.693024157381
19.03125,2701.740060348
19.0625,2778.345980035842
19.09375,2854.435978840354
19.125,2929.935756168972
19.15625,3004.771587770386
19.1875,3078.870397725022
19.21875,3152.159829802436
19.25,3224.568318115947
19.28125,3296.0251570055066
19.3125,3366.4605700805837
19.34375,3435.8057783556173
19.375,3503.993067411534
19.40625,3570.9558535177275
19.4375,3636.6287486499423
19.46875,3700.947624340568
19.5,3763.8496742990023
19.53125,3825.2734757409257
19.5625,3885.159049366609
19.59375,3943.44791792968
19.625,4000.0831633391663
19.65625,4055.00948223904
19.6875,4108.173240011011
19.71875,4159.522523147817
19.75,4209.007189945888
19.78125,4256.578919467864
19.8125,4302.191258727169
19.84375,4345.799668048575
19.875,4387.361564560421
19.90625,4426.836363776083
19.9375,4464.1855192240255
19.96875,4499.372560087778
20.0,4532.363126819069
20.03125,4563.1250046893465
20.0625,4591.628155246908
20.09375,4617.844745648939
20.125,4641.749175839815
20.15625,4663.318103549118
20.1875,4682.530467084973
20.21875,4699.3675059004245
20.25,4713.812778912799
20.28125,4725.85218055814
20.3125,4735.473954565053
20.34375,4742.668705434504
20.375,4747.429407614365
20.40625,4749.75141235975
20.4375,4749.632452272429
20.46875,4747.072643514908
20.5,4742.074485696999
20.53125,4734.642859434989
20.5625,4724.785021585809
20.59375,4712.510598160828
20.625,4697.831574926217
20.65625,4680.762285699062
20.6875,4661.31939835062
20.71875,4639.521898530437
20.75,4615.391071127177
20.78125,4588.950479484292
20.8125,4560.22594239082
20.84375,4529.245508869767
20.875,4496.039430788721
20.90625,4460.640133319411
20.9375,4423.08218327508
20.96875,4383.402255356579
21.0,4341.63909634014
21.03125,4297.833487241811
21.0625,4252.0282034954835
21.09375,4204.267973183407
21.125,4154.599433359977
21.15625,4103.071084511444
21.1875,4049.733243196006
21.21875,3994.6379929105515
21.25,3937.839133232003
21.28125,3879.392127282943
21.3125,3819.3540475728205
21.34375,3757.783520267609
21.375,3694.7406679423543
21.40625,3630.2870508724964
21.4375,3564.4856069213097
21.46875,3497.4005900821435
21.5,3429.09750773549
21.53125,3359.64305668214
21.5625,3289.1050580148844
21.59375,3217.5523908923738
21.625,3145.0549252797846
21.65625,3071.683453721986
21.6875,2997.50962221582
21.71875,2922.6058602490025
21.75,2847.045310073957
21.78125,2770.901755285646
21.8125,2694.2495487731435
21.84375,2617.1635401152994
21.875,2539.7190024913984
21.90625,2461.991559178175
21.9375,2384.0571097049688
21.96875,2305.991755739122
22.0,2227.8717267739903
22.03125,2149.7733056921415
22.0625,2071.77275427641
22.09375,1993.9462387415624
22.125,1916.3697553592817
22.15625,1839.1190562490963
22.1875,1762.2695754077222
22.21875,1685.896355049044
22.25,1610.0739723266674
22.28125,1534.8764665105948
22.3125,1460.3772666891334
22.34375,1386.6491200666367
22.375,1313.764020927095
22.40625,1241.7931403329383
22.4375,1170.806756627701
22.46875,1100.874186810413
22.5,1032.0637188487262
22.53125,964.4425449968727
22.5625,898.0766961835693
22.59375,833.0309775339354
22.625,769.3689050883887
22.65625,707.1526437803096
22.6875,646.442946733039
22.71875,587.2990959354827
22.75,529.7788443542578
22.78125,473.9383595388985
22.8125,419.83216877519936
22.84375,367.51310584024367
22.875,317.0322594111191
22.90625,268.43892317768984
22.9375,221.7805477081458
22.96875,177.10269411432722
23.0,134.44898956207345
23.03125,93.86108467003467
23.0625,55.37861283855028
23.09375,19.039151548305433
23.125,-15.121814333440565
23.15625,-47.07092720322464
23.1875,-76.77698929451526
23.21875,-104.21099314179949
23.25,-129.34614990588372
23.28125,-152.15791553273766
23.3125,-172.6240147203492
23.34375,-190.72446267017622
23.375,-206.44158460196599
23.40625,-219.76003301287545
23.4375,-230.66680266404904
23.46875,-239.15124328001357
23.5,-245.2050699484906
23.53125,-248.8223712104734
23.5625,-249.99961483266665
23.59375,-248.73565125665075
23.625,-245.03171472140843
23.65625,-238.89142205810953
23.6875,-230.3207691583367
23.71875,-219.32812511920113
23.75,-205.9242240710582
23.78125,-190.12215469581372
23.8125,-171.93734744604728
23.84375,-151.3875594774372
23.875,-128.49285730919922
23.90625,-103.27559722947133
23.9375,-75.76040346477741
23.96875,-45.97414413488848
24.0,-13.9459050165594
24.03125,20.29303885823869
24.0625,56.709253741856756
24.09375,95.26717981845346
24.125,135.9291659275541
24.15625,178.65550632976763
24.1875,223.4044794787693
24.21875,270.13238876168106
24.25,318.7936051680737
24.28125,369.3406118459208
24.3125,421.72405050099724
24.34375,475.89276959441816
24.375,531.7938742912464
24.40625,589.3727781114028
24.4375,648.5732562324364
24.46875,709.3375003921107
24.5,771.6061753371891
24.53125,835.3184767633043
24.5625,900.4121906893289
24.59375,966.8237542082722
24.625,1034.48831755538
24.65625,1103.3398074328306
24.6875,1173.3109915291866
24.71875,1244.3335441706083
24.75,1316.3381130397133
24.78125,1389.254386896938
24.8125,1463.0111642382703
24.84375,1537.5364228223086
24.875,1612.7573899987597
24.90625,1688.6006137696963
24.9375,1764.992034514186
24.96875,1841.857057306255
25.0,1919.1206247555676
25.03125,1996.7072902996929
25.0625,2074.5412918763946
25.09375,2152.5466259039963
25.125,2230.6471214975927
25.15625,2308.766514848623
25.1875,2386.8285236951874
25.21875,2464.756921810381
25.25,2542.47561343591
25.28125,2619.90870758831
25.3125,2696.980592165202
25.34375,2773.6160077792265
25.375,2849.7401212475615
25.40625,2925.278598665252
25.4375,3000.1576779910074
25.46875,3074.3042410745848
25.5,3147.6458850554204
25.53125,3220.110993062796
25.5625,3291.628804148493
25.59375,3362.1294823836647
25.625,3431.5441850524285
25.65625,3499.805129875616
25.6875,3566.845661199014
25.71875,3632.6003150814813
25.75,3697.0048832193756
25.78125,3759.9964756448735
25.8125,3821.513582136957
25.84375,3881.4961322850972
25.875,3939.8855541469957
25.90625,3996.6248314430886
25.9375,4051.6585592319766
25.96875,4104.932998012411
26.0,4156.396126199007
26.03125,4205.9976909204315
26.0625,4253.689257090485
26.09375,4299.424254704144
26.125,4343.158024312373
26.15625,4384.847860631323
26.1875,4424.453054243317
26.21875,4461.934931348905
26.25,4497.256891531169
26.28125,4530.384443495414
26.3125,4561.285238749333
26.34375,4589.929103190754
26.375,4616.288066572144
26.40625,4640.33638981308
26.4375,4662.050590134025
26.46875,4681.40946398686
26.5,4698.394107759792
26.53125,4712.9879362364145
26.5625,4725.176698790879
26.59375,4734.948493303397
26.625,4742.293777782458
26.65625,4747.20537968242
26.6875,4749.678502907378
26.71875,4749.710732494473
26.75,4747.302036972061
26.78125,4742.454768390441
26.8125,4735.173660025126
26.84375,4725.46582175487
26.875,4713.340733119002
26.90625,4698.810234060807
26.9375,4681.888513366029
26.96875,4662.59209480776
27.0,4640.939821011258
27.03125,4616.952835054439
27.0625,4590.654559822024
27.09375,4562.070675133489
27.125,4531.229092667157
27.15625,4498.159928704915
27.1875,4462.895474724179
27.21875,4425.470165865816
27.25,4385.920547308806
27.28125,4344.2852385845035
27.3125,4300.6048958653155
27.34375,4254.922172264638
27.375,4207.281676186822
27.40625,4157.729927767811
27.4375,4106.315313449034
27.46875,4053.0880387288507
27.5,3998.100079137744
27.53125,3941.405129485095
27.5625,3883.0585514271097
27.59375,3823.1173194071057
27.625,3761.6399650209296
27.65625,3698.6865198618534
27.6875,3634.3184569007376
27.71875,3568.5986304587204
27.75,3501.591214831038
27.78125,3433.361641621917
27.8125,3363.9765358517225
27.84375,3293.5036508987546
27.875,3222.011802339225
27.90625,3149.5708007500175
27.9375,3076.2513835398386
27.96875,3002.125145875345
28.0,2927.2644707696727
28.03125,2851.7424584016567
28.0625,2775.632854734745
28.09375,2699.0099795053175
28.125,2621.948653650725
28.15625,2544.524126247913
28.1875,2466.8120010339744
28.21875,2388.8881625803847
28.25,2310.828702193006
28.28125,2232.7098436102146
28.3125,2154.60786857172
28.34375,2076.599042330734
28.375,1998.7595391822504
28.40625,1921.1653680801367
28.4375,1843.892298415679
28.46875,1767.01578603006
28.5,1690.6108995330092
28.53125,1614.7522469995783
28.5625,1539.513903116625
28.59375,1464.969336850135
28.625,1391.191339704027
28.65625,1318.2519546404803
28.6875,1246.2224057312092
28.71875,1175.1730286083616
28.75,1105.1732017829713
28.78125,1036.291278898017
28.8125,968.5945219822506
28.84375,902.1490357699682
28.875,837.019703150858
28.90625,773.2701218129598
28.9375,710.9625421406024
28.96875,650.1578064279595
29.0,590.9152894675813
29.03125,533.2928405719181
29.0625,477.34672708444725
29.09375,423.13157943556945
29.125,370.70033779691704
29.15625,320.10420038617843
29.1875,271.3925734729045
29.21875,224.61302313412645
29.25,179.81122880688872
29.28125,137.03093868305317
29.3125,96.31392698993213
29.34375,57.69995319846538
29.375,21.226723198770614
29.40625,-13.070147519018139
29.4375,-45.15716864267216
29.46875,-75.00300774058971
29.5,-102.57852085738372
29.53125,-127.85678097245984
29.5625,-150.81310429379437
29.59375,-171.42507436123915
29.625,-189.67256393581405
29.65625,-205.5377546536144
29.6875,-219.00515442514092
29.71875,-230.06161256306223
29.75,-238.69633262363772
29.78125,-244.9008829492616
29.8125,-248.6692049018341
29.84375,-249.99761877891797
29.875,-248.88482740690526
29.90625,-245.33191740768706
29.9375,-239.34235813758337
29.96875,-230.9219982995772
30.0,-220.07906023215452
30.03125,-206.82413188033016
30.0625,-191.1701564567006
30.09375,-173.13241980261407
30.125,-152.72853546180855
30.15625,-129.97842748108306
30.1875,-104.90431095480534
30.21875,-77.53067033224869
30.25,-47.88423550894316
30.28125,-15.993955725384923
30.3125,18.109028701403517
30.34375,54.391416785866674
30.375,92.81777939176172
30.40625,133.35059382811016
30.4375,175.95028048946776
30.46875,220.57524150473796
30.5,267.1819013567872
30.53125,315.7247494331975
30.5625,366.1563844666077
30.59375,418.4275608212465
30.625,472.4872365804594
30.65625,528.2826233882754
30.6875,585.7592379963389
30.71875,644.8609554658793
30.75,705.5300639727602
30.78125,767.7073211620955
30.8125,831.332011997405
30.84375,896.3420080478163
30.875,962.6738281554234
30.90625,1030.2627004235608
30.9375,1099.0426254654599
30.96875,1168.9464408515312
31.0,1239.9058866923376
31.03125,1311.851672293216
31.0625,1384.7135438154673
31.09375,1458.4203528780354
31.125,1532.9001260326957
31.15625,1608.0801350449049
31.1875,1683.8869679116874
31.21875,1760.2466005472115
31.25,1837.0844690660526
31.28125,1914.3255425935613
31.3125,1991.8943965322405
31.34375,2069.7152862125836
31.375,2147.712220856459
31.40625,2225.8090377808167
31.4375,2303.929476769254
31.46875,2381.9972545388246
31.5,2459.936139229367
31.53125,2537.670024842626
31.5625,2615.123005558464
31.59375,2692.219449855612
31.625,2768.8840743645605
31.65625,2845.042017380496
31.6875,2920.618911964485
31.71875,2995.540958561526
31.75,3069.734997064566
31.78125,3143.1285782540986
31.8125,3215.650034543601
31.84375,3287.2285499617165
31.875,3357.7942293028464
31.90625,3427.2781663786313
31.9375,3495.612511303679
31.96875,3562.730536749823
32.0,3628.5667031042267
32.03125,3693.0567224677015
32.0625,3756.1376214307525
32.09375,3817.7478025660425
32.125,3877.827104577235
32.15625,3936.316861045478
32.1875,3993.159957716167
32.21875,4048.3008882700456
32.25,4101.685808524185
32.28125,4153.262589009914
32.3125,4202.98086587636
32.34375,4250.7920900698955
32.375,4296.649574741466
32.40625,4340.508540835503
32.4375,4382.326160815913
32.46875,4422.061600486443
32.5,4459.676058864577
32.53125,4495.132806070033
32.5625,4528.39721919088
32.59375,4559.436816092209
32.625,4588.221287134395
32.65625,4614.722524769948
32.6875,4638.914650990049
32.71875,4660.774042593993
32.75,4680.279354256835
32.78125,4697.41153937275
32.8125,4712.153868653708
32.84375,4724.491946465349
32.875,4734.413724884069
32.90625,4741.909515461619
32.9375,4746.971998685704
32.96875,4749.59623112737
33.0,4749.779650268168
33.03125,4747.522077002422
33.0625,4742.825715812114
33.09375,4735.695152614248
33.125,4726.137350282779
33.15625,4714.161641849485
33.1875,4699.7797213904205
33.21875,4683.005632606847
33.25,4663.855755111803
33.28125,4642.348788435683
33.3125,4618.505733766467
33.34375,4592.349873442416
33.375,4563.906748217265
33.40625,4533.204132320107
33.4375,4500.272006334337
33.46875,4465.14252792211
33.5,4427.850000422941
33.53125,4388.430839357067
33.5625,4346.923536866315
33.59375,4303.368624127178
33.625,4257.808631772806
33.65625,4210.288048362569
33.6875,4160.853276939727
33.71875,4109.552589719656
33.75,4056.4360809528375
33.78125,4001.555618008682
33.8125,3944.9647907279173
33.84375,3886.7188590930223
33.875,3826.8746992677875
33.90625,3765.4907480587117
33.9375,3702.6269458524484
33.96875,3638.344678085035
34.0,3572.70671530006
34.03125,3505.7771518542872
34.0625,3437.62134333061
34.09375,3368.305842719429
34.125,3297.898335430787
34.15625,3226.467573200718
34.1875,3154.083306956339
34.21875,3080.816218705258
34.25,3006.7378525157883
34.28125,2931.920544655385
34.3125,2856.437352955504
34.34375,2780.3619854718686
34.375,2703.7687285098077
34.40625,2626.7323740849365
34.4375,2549.3281468900213
34.46875,2471.6316308393493
34.5,2393.7186952623115
34.53125,2315.6654208182954
34.5625,2237.5480252052107
34.59375,2159.4427887341994
34.625,2081.4259798432086
34.65625,2003.5737806221541
34.6875,1925.9622124224015
34.71875,1848.6670616232093
34.75,1771.7638056276119
34.78125,1695.3275391600212
34.8125,1619.4329009374974
34.84375,1544.1540007863125
34.875,1469.564347274961
34.90625,1395.7367759342892
34.9375,1322.7433781348377
34.96875,1250.65543069084
35.0,1179.5433262596225
35.03125,1109.476504604371
35.0625,1040.5233847873785
35.09375,972.7512983599931
35.125,906.2264236145002
35.15625,841.0137209621438
35.1875,777.1768695003864
35.21875,714.7782048313517
35.25,653.8786581921665
35.28125,594.5376969566421
35.3125,536.813266566393
35.34375,480.76173394809547
35.375,426.43783247214185
35.40625,373.8946085064318
35.4375,323.18336961749486
35.46875,274.353634469523
35.5,227.45308447023382
35.53125,182.5275172107868
35.5625,139.62080174521137
35.59375,98.77483575302132
35.625,60.02950462684065
35.65625,23.422642524995318
35.6875,-11.010004572900856
35.71875,-43.234813771287904
35.75,-73.2203180908475
35.78125,-100.93723719547393
35.8125,-126.35850598402526
35.84375,-149.4593010189349
35.875,-170.21706476587823
35.90625,-188.61152762082168
35.9375,-204.62472770294588
35.96875,-218.2410283941194
36.0,-229.4471336077894
36.03125,-238.23210077238534
36.0625,-244.58735151655475
36.09375,-248.5066800457958
36.125,-249.98625920231194
36.15625,-249.0246442021657
36.1875,-245.62277404608562
36.21875,-239.78397060254898
36.25,-231.5139353640319
36.28125,-220.82074387960006
36.3125,-207.7148378692717
36.34375,-192.2090150278552
36.375,-174.31841652821717
36.40625,-154.06051223618377
36.4375,-131.45508365151466
36.46875,-106.52420459160177
36.5,-79.29221963676375
36.53125,-49.78572035817474
36.5625,-18.033519351647044
36.59375,15.933377897380252
36.625,52.08180329017098
36.65625,90.37645850277748
36.6875,130.77994945425553
36.71875,173.25282282134924
36.75,217.7536045639919
36.78125,264.2388404240023
36.8125,312.6631383574302
36.84375,362.97921285911696
36.875,415.1379311361894
36.90625,469.0883610853977
36.9375,524.7778210274498
36.96875,582.1519311497777
37.0,641.1546666075013
37.03125,701.7284122307385
37.0625,763.8140187848413
37.09375,827.3508607286195
37.125,892.2768954141519
37.15625,958.5287236703813
37.1875,1026.0416517113265
37.21875,1094.7497543084687
37.25,1164.585939165617
37.28125,1235.4820124333976
37.3125,1307.36874529939
37.34375,1380.1759415888876
37.375,1453.8325063102725
37.40625,1528.2665150780658
37.4375,1603.4052843458712
37.46875,1679.1754423806244
37.5,1755.5030009088443
37.53125,1832.313427364928
37.5625,1909.5317176709348
37.59375,1987.0824694767962
37.625,2064.889955789431
37.65625,2142.87819891887
37.6875,2220.9710446691784
37.71875,2299.092236701738
37.75,2377.1654909982667
37.78125,2455.114570350869
37.8125,2532.8633588063735
37.84375,2610.335935992273
37.875,2687.456651251674
37.90625,2764.1501975148867
37.9375,2840.3416848354955
37.96875,2915.956713519122
38.0,2990.9214467734637
38.03125,3065.1626828086696
38.0625,3138.607926317647
38.09375,3211.1854592664936
38.125,3282.824410925946
38.15625,3353.4548270754403
38.1875,3423.007738312226
38.21875,3491.4152273988107
38.25,3558.610495582995
38.28125,3624.5279278257203
38.3125,3689.103156873037
38.34375,3752.2731261096405
38.375,3813.976151132582
38.40625,3874.1519799850453
38.4375,3932.741851991355
38.46875,3989.688555135783
38.5,4044.93648192911
38.53125,4098.431683708395
38.5625,4150.1219233169295
38.59375,4199.956726112931
38.625,4247.887429257182
38.65625,4293.867229231457
38.6875,4337.851227541372
38.71875,4379.796474558998
38.75,4419.662011462444
38.78125,4457.408910231452
38.8125,4493.000311659952
38.84375,4526.401461348441
38.875,4557.5797436410785
38.90625,4586.504713474307
38.9375,4613.148126105952
38.96875,4637.483964695721
39.0,4659.48846571022
39.03125,4679.140142127628
39.0625,4696.419804419419
39.09375,4711.310579288607
39.125,4723.7979261462315
39.15625,4733.8696513099985
39.1875,4741.515919911208
39.21875,4746.729265498328
39.25,4749.504597327866
39.28125,4749.839205335387
39.3125,4747.732762781852
39.34375,4743.187326572667
39.375,4736.2073352491525
39.40625,4726.799604654384
39.4375,4714.973321277635
39.46875,4700.740033283928
39.5,4684.113639237445
39.53125,4665.110374529821
39.5625,4643.748795526549
39.59375,4620.049761447015
39.625,4594.036413995819
39.65625,4565.734154765294
39.6875,4535.17062043128
39.71875,4502.375655766385
39.75,4467.381284497062
39.78125,4430.221678032994
39.8125,4390.933122099282
39.84375,4349.55398130406
39.875,4306.124661676097
39.90625,4260.687571209004
39.9375,4213.287078450543
39.96875,4163.969469177491
40.0,4112.782901198372
40.03125,4059.777357328166
40.0625,4005.004596580945
40.09375,3948.518103628069
40.125,3890.373036571316
40.15625,3830.626173081928
40.1875,3769.3358549581835
40.21875,3706.5619311556165
40.25,3642.365699345529
40.28125,3576.809846058856
40.3125,3509.9583854738316
40.34375,3441.876596907229
40.375,3372.6309610702183
40.40625,3302.2890951510753
40.4375,3230.9196867881506
40.46875,3158.5924269975517
40.5,3085.3779421210515
40.53125,3011.3477248606614
40.5625,2936.5740644672233
40.59375,2861.1299761511814
40.625,2785.0891297844714
40.65625,2708.525777963135
40.6875,2631.5146835009245
40.71875,2554.131046424684
40.75,2476.450430542797
40.78125,2398.5486896584102
40.8125,2320.5018934994837
40.84375,2242.3862534379914
40.875,2164.2780480708093
40.90625,2086.2535487349614
40.9375,2008.3889450299516
40.96875,1930.7602704199148
41.0,1853.4433279882276
41.03125,1776.513616417085
41.0625,1700.0462562643181
41.09375,1624.115916609444
41.125,1548.7967421405774
41.15625,1474.1622807533997
41.1875,1400.2854117328889
41.21875,1327.2382745879324
41.25,1255.0921986083224
41.28125,1183.917633212915
41.3125,1113.7840791569668
41.34375,1044.7600206658274
41.375,976.9128585612568
41.40625,910.308844445665
41.4375,845.0130160085479
41.46875,781.089133518286
41.5,718.5996175613258
41.53125,657.6054880895343
41.5625,598.1663048352546
41.59375,540.3401091522347
41.625,484.1833673392329
41.65625,429.7509155016346
41.6875,377.0959060049259
41.71875,326.2697555723096
41.75,277.32209507715015
41.78125,230.30072107926597
41.8125,185.25154915240012
41.84375,142.2185690484426
41.875,101.24380174218378
41.90625,62.36725839854462
41.9375,25.626901302355233
41.96875,-8.941393211174265
42.0,-41.3038697890844
42.03125,-71.42892702219712
42.0625,-99.28714830335473
42.09375,-124.8513305522378
42.125,-148.09651077871132
42.15625,-168.99999045876135
42.1875,-187.54135769921797
42.21875,-203.702507169623
42.25,-217.46765778177775
42.28125,-228.8233680997076
42.3125,-237.7585494649967
42.34375,-244.26447682467406
42.375,-248.33479725108103
42.40625,-249.96553614539508
42.4375,-249.15510111875983
42.46875,-245.9042835472261
42.5,-240.21625779898497
42.53125,-232.09657813465208
42.5625,-221.5531732836265
42.59375,-208.59633870182108
42.625,-193.23872651832386
42.65625,-175.49533318080873
42.6875,-155.38348481175996
42.71875,-132.9228202898064
42.75,-108.13527207268997
42.78125,-81.04504478059327
42.8125,-51.678591560738454
42.84375,-20.06458825633828
42.875,13.766094594879208
42.90625,49.78042190522558
42.9375,87.94322629525509
42.96875,128.21724243411435
43.0,170.5631434285043
43.03125,214.93957922472606
43.0625,261.30321698630416
43.09375,309.6087834077685
43.125,359.8091089232669
43.15625,411.85517376684686
43.1875,465.6961558394243
43.21875,521.2794803357018
43.25,578.5508710825729
43.28125,637.4544035388841
43.3125,697.932559404801
43.34375,759.9262827874514
43.375,823.3750378680024
43.40625,888.2168680138608
43.4375,954.3884562782723
43.46875,1021.8251872282469
43.5,1090.4612100404318
43.53125,1160.2295028033222
43.5625,1231.061937963023
43.59375,1302.889348848646
43.625,1375.641597212392
43.65625,1449.2476417183598
43.6875,1523.6356073132035
43.71875,1598.7328554109042
43.75,1674.466054823115
43.78125,1750.761253365823
43.8125,1827.5439500724015
43.84375,1904.7391679425398
43.875,1982.271527156012
43.90625,2060.0653186797913
43.9375,2138.0445781966364
43.96875,2216.1331602829578
44.0,2294.254812763534
44.03125,2372.3332511704625
44.0625,2450.292233233652
44.09375,2528.0556333301024
44.125,2605.5475168192866
44.15625,2682.692214192034
44.1875,2759.414394960528
44.21875,2835.6391412172447
44.25,2911.292020791019
44.28125,2986.299159928796
44.3125,3060.5873154321007
44.34375,3134.0839461777737
44.375,3206.7172839531495
44.40625,3278.4164035364984
44.4375,3349.111291954301
44.46875,3418.732916847728
44.5,3487.2132938815703
44.53125,3554.4855531297835
44.5625,3620.484004372842
44.59375,3685.1442012431175
44.625,3748.403004155667
44.65625,3810.198641962967
44.6875,3870.470772273386
44.71875,3929.160540374511
44.75,3986.210636703773
44.78125,4041.565352810261
44.8125,4095.170635753084
44.84375,4146.974140883141
44.875,4196.925282956796
44.90625,4244.9752855314955
44.9375,4291.077228595149
44.96875,4335.186094382717
45.0,4377.258811335296
45.03125,4417.254296158769
45.0625,4455.133493940939
45.09375,4490.859416287993
45.125,4524.3971774430365
45.15625,4555.714028351447
45.1875,4584.779388639769
45.21875,4611.564876476928
45.25,4636.044336288606
45.28125,4658.193864297722
45.3125,4677.9918318660575
45.34375,4695.418906614259
45.375,4710.4580712995785
45.40625,4723.094640432918
45.4375,4733.3162746189655
45.46875,4741.112992605402
45.5,4746.477181029426
45.53125,4749.403601852074
45.5625,4749.889397473074
45.59375,4747.934093521246
45.625,4743.539599317718
45.65625,4736.710206011502
45.6875,4727.452582389267
45.71875,4715.775768363376
45.75,4701.691166144565
45.78125,4685.212529107881
45.8125,4666.355948362744
45.84375,4645.139837040249
45.875,4621.584912313063
45.90625,4595.714175165444
45.9375,4567.552887933187
45.96875,4537.128549635367
46.0,4504.470869122023
46.03125,4469.611736063967
46.0625,4432.585189813061
46.09375,4393.427386163369
46.125,4352.176562045636
46.15625,4308.872998189575
46.1875,4263.558979790418
46.21875,4216.27875521814
46.25,4167.078492809678
46.28125,4116.0062357863335
46.3125,4063.1118553403776
46.34375,4008.4470019366854
46.375,3952.0650548769263
46.40625,3894.021070175588
46.4375,3834.37172679871
46.46875,3773.1752713178334
46.5,3710.491461033214
46.53125,3646.3815056218345
46.5625,3580.9080073671907
46.59375,3514.134900029224
46.625,3446.127386414093
46.65625,3376.951874704737
46.6875,3306.6759136144115
46.71875,3235.3681264265206
46.75,3163.0981439851403
46.78125,3089.936536701683
46.8125,3015.9547456440882
46.84375,2941.2250127758334
46.875,2865.8203104128793
46.90625,2789.8142699674463
46.9375,2713.2811100481845
46.96875,2636.2955639869683
47.0,2558.9328068630603
47.03125,2481.2683820959237
47.0625,2403.3781276783584
47.09375,2325.3381021219834
47.125,2247.224510187395
47.15625,2169.113628471507
47.1875,2091.0817309247536
47.21875,2013.2050143708655
47.25,1935.5595241019687
47.28125,1858.221079621646
47.3125,1781.2652006084772
47.34375,1704.7670331723568
47.375,1628.801276475592
47.40625,1553.4421097904367
47.4375,1478.7631200642934
47.46875,1404.8372300633073
47.5,1331.7366271645217
47.53125,1259.5326928661302
47.5625,1188.2959330846545
47.59375,1118.095909307114
47.625,1049.001170665414
47.65625,981.0791869992813
47.6875,914.396282973112
47.71875,849.0175733110597
47.75,785.0068992136155
47.78125,722.4267660177567
47.8125,661.3382821615469
47.84375,601.8010995127839
47.875,543.8733551199617
47.90625,487.61161444243055
47.9375,433.0708161151847
47.96875,380.3042183022187
48.0,329.363346690833
48.03125,280.29794417767596
48.0625,233.15592229564837
48.09375,187.98331442910487
48.125,144.82423086303598
48.15625,103.72081571012242
48.1875,64.7132057577246
48.21875,27.83949127499158
48.25,-6.864321181641597
48.28125,-39.36434392824373
48.3125,-69.62884124413732
48.34375,-97.6282603612899
48.375,-123.33526032209191
48.40625,-146.72473867733598
48.4375,-167.77385599833383
48.46875,-186.46205817923146
48.5,-202.77109650774256
48.53125,-216.6850454847083
48.5625,-228.1903183750761
48.59375,-237.2756804751164
48.625,-243.93226008291913
48.65625,-248.1535571614618
48.6875,-249.93544968578362
48.71875,-249.2761976680735
48.75,-246.17644485673912
48.78125,-240.63921810779738
48.8125,-232.6699244292002
48.84375,-222.27634570098354
48.875,-209.4686310763938
48.90625,-194.2592870714116
48.9375,-176.66316535235066
48.96875,-156.69744823345906
49.0,-134.3816318986796
49.03125,-109.73750736395755
49.0625,-82.78913919868374
49.09375,-53.56284202705036
49.125,-22.087154832267085
49.15625,11.60718691127105
49.1875,47.487281250653545
49.21875,85.51809188265369
49.25,125.66248236608179
49.28125,167.88125238489243
49.3125,212.13317602662624
49.34375,258.37504203881423
49.375,306.56169602403247
49.40625,356.64608453240515
49.4375,408.57930100849984
49.46875,462.31063354774807
49.5,517.7876144157609
49.53125,574.95607128218
49.5625,633.7601801190399
49.59375,694.1425197119827
49.625,756.0441277311014
49.65625,819.4045583066517
49.6875,884.161941053421
49.71875,950.2530414861071
49.75,1017.6133227667217
49.78125,1086.1770087237164
49.8125,1155.8771480812989
49.84375,1226.645679836217
49.875,1298.413499718173
49.90625,1371.1105276689716
49.9375,1444.6657762745074
49.96875,1519.00742008277
50.0,1594.062865740178
50.03125,1669.7588228777588
50.0625,1746.0213756779485
50.09375,1822.7760550521339
50.125,1899.9479113584541
50.15625,1977.4615875888533
50.1875,2055.241392953921
50.21875,2133.211376793662
50.25,2211.2954027420296
50.28125,2289.417223072792
50.3125,2367.5005531541447
50.34375,2445.469145939359
50.375,2523.246866420728
50.40625,2600.757765974111
50.4375,2677.9261565214756
50.46875,2754.6766844390204
50.5,2830.934404138711
50.53125,2906.6248512513757
50.5625,2981.6741153398966
50.59375,3056.0089120714974
50.625,3129.556654778651
50.65625,3202.2455253387297
50.6875,3274.004544303182
50.71875,3344.763640207758
50.75,3414.453717996109
50.78125,3483.006726489934
50.8125,3550.3557248398015
50.84375,3616.4349478917547
50.875,3681.179870405865
50.90625,3744.5272700640376
50.9375,3806.415289205527
50.96875,3866.7834952298995
51.0,3925.572939608437
51.03125,3982.726215446376
51.0625,4038.1875135397695
51.09375,4091.90267687222
51.125,4143.819253498296
51.15625,4193.88654776196
51.1875,4242.055669800019
51.21875,4288.279583282248
51.25,4332.513151341561
51.28125,4374.713180649404
51.3125,4414.838463593307
51.34375,4452.849818515409
51.375,4488.710127972694
51.40625,4522.384374981534
51.4375,4553.839677211187
51.46875,4583.045319092832
51.5,4609.9727818127985
51.53125,4634.595771160705
51.5625,4656.890243205315
51.59375,4676.834427773019
51.625,4694.408849706045
51.65625,4709.596347879617
51.6875,4722.382091959505
51.71875,4732.753596883593
51.75,4740.700735053331
51.78125,4746.215746223159
51.8125,4749.293245078263
51.84375,4749.930226493236
51.875,4748.126068466536
51.90625,4743.882532727859
51.9375,4737.20376301784
51.96875,4728.09628104176
52.0,4716.568980101213
52.03125,4702.633116409946
52.0625,4686.302298102357
52.09375,4667.592471945385
52.125,4646.5219077667625
52.15625,4623.1111806148365
52.1875,4597.383150667383
52.21875,4569.362940909036
52.25,4539.077912599113
52.28125,4506.557638553813
52.3125,4471.833874268864
52.34375,4434.940526910818
52.375,4395.913622207281
52.40625,4354.791269268398
52.4375,4311.613623373955
52.46875,4266.422846762434
52.5,4219.263067460295
52.53125,4170.180336191712
52.5625,4119.2225814108215
52.59375,4066.4395625004013
52.625,4011.882821182674
52.65625,3955.6056311896937
52.6875,3897.6629462424494
52.71875,3838.111346389489
52.75,3777.0089827574616
52.78125,3714.415520767531
52.8125,3650.392081873101
52.84375,3585.0011838757578
52.875,3518.306679877694
52.90625,3450.37369593024
52.9375,3381.2685674393792
52.96875,3311.05877439035
53.0,3239.812875454585
53.03125,3167.600441043334
53.0625,3094.491985373333
53.09375,3020.5588976108747
53.125,2945.8733721614944
53.15625,2870.508338173359
53.1875,2794.5373883231928
53.21875,2718.034706954277
53.25,2641.074997636697
53.28125,2563.7334102205746
53.3125,2486.0854674535126
53.34375,2408.2069912339175
53.375,2330.1740285721985
53.40625,2252.0627773321535
53.4375,2173.9495118250497
53.46875,2095.9105083290506
53.5,2018.0219706067285
53.53125,1940.3599554933778
53.5625,1863.000298628812
53.59375,1786.018540405145
53.625,1709.48985220288
53.65625,1633.4889629873344
53.6875,1558.0900863370712
53.71875,1483.3668479756002
53.75,1409.392213877107
53.78125,1336.2384190164196
53.8125,1263.9768968327792
53.84375,1192.6782094763007
53.875,1122.4119789052295
53.90625,1053.246818901281
53.9375,985.2502680694475
53.96875,918.4887238876966
54.0,853.0273778709593
54.03125,788.9301519127251
54.0625,726.2596358663942
54.09375,665.07702642735
54.125,605.4420673754246
54.15625,547.4129912361103
54.1875,491.04646241748816
54.21875,436.3975218783939
54.25,383.51953338185666
54.28125,332.4641313862897
54.3125,283.28117062531715
54.34375,236.01867742547438
54.375,190.72280280931304
54.40625,147.43777742971253
54.4375,106.20586837939788
54.46875,67.06733791783937
54.5,30.06040415584166
54.53125,-4.778796263794627
54.5625,-37.41624345309058
54.59375,-67.82006749873199
54.625,-95.9605795824997
54.65625,-121.81030097189598
54.6875,-145.34398985266094
54.71875,-166.53866597697547
54.75,-185.37363310328377
54.78125,-201.83049920582147
54.8125,-215.8931944341169
54.84375,-227.54798680492766
54.875,-236.78349561128826
54.90625,-243.59070253557852
54.9375,-247.96296045575733
54.96875,-249.89599993616386
55.0,-249.38793339654958
55.03125,-246.4392569552684
55.0625,-241.05284994482557
55.09375,-233.23397210025772
55.125,-222.99025842309194
55.15625,-210.33171172589516
55.1875,-195.27069286469828
55.21875,-177.8219086688293
55.25,-158.0023975799455
55.28125,-135.83151301428202
55.3125,-111.33090446437177
55.34375,-84.52449635868165
55.375,-55.43846469981434
55.40625,-24.101211504087562
55.4375,9.456662932555426
55.46875,45.20238991521319
55.5,83.101064348102
55.53125,123.11567881878871
55.5625,165.2071597353022
55.59375,209.33440548083104
55.625,255.45432654875577
55.65625,303.521887618822
55.6875,353.4901515333638
55.71875,405.3103251306439
55.75,458.9318068905471
55.78125,514.3022363461058
55.8125,571.3675452126082
55.84375,630.0720101843599
55.875,690.3583073475467
55.90625,752.1675681560638
55.9375,815.4394369156518
55.96875,880.1121297202072
56.0,946.1224947827204
56.03125,1013.4060741019213
56.0625,1081.8971664044254
56.09375,1151.528891300912
56.125,1222.2332545936888
56.15625,1293.9412146718732
56.1875,1366.582749929352
56.21875,1440.086927139693
56.25,1514.3819707212363
56.28125,1589.3953328247317
56.3125,1665.053764175083
56.34375,1741.2833855980195
56.375,1818.00976016186
56.40625,1895.1579658639102
56.4375,1972.6526687905282
56.46875,2050.4181966794126
56.5,2128.378612812282
56.53125,2206.4577901657917
56.5625,2284.5794857482815
56.59375,2362.6674150497615
56.625,2440.645326532442
56.65625,2518.4370760890674
56.6875,2595.9667013963413
56.71875,2673.1584960908517
56.75,2749.937083695044
56.78125,2826.2274912210764
56.8125,2901.95522238067
56.84375,2977.046330329466
56.875,3051.4274898748704
56.90625,3125.026069076855
56.9375,3197.7702001718167
56.96875,3269.5888497502297
57.0,3340.4118881195623
57.03125,3410.170157784734
57.0625,3478.795540979232
57.09375,3546.221026180959
57.125,3612.3807735478454
57.15625,3677.210179209336
57.1875,3740.6459383509737
57.21875,3802.62610703048
57.25,3863.09016266496
57.28125,3921.9790631301776
57.3125,3979.235304414189
57.34375,4034.802976769035
57.375,4088.627819305659
57.40625,4140.657272978747
57.4375,4190.84053190974
57.46875,4239.128592997918
57.5,4285.474303771086
57.53125,4329.832408429177
57.5625,4372.15959203576
57.59375,4412.414522814347
57.625,4450.55789250817
57.65625,4486.552454764027
57.6875,4520.363061502711
57.71875,4551.956697240518
57.75,4581.302511328304
57.78125,4608.3718480766165
57.8125,4633.138274737495
57.84375,4655.577607315599
57.875,4675.667934183469
57.90625,4693.389637477854
57.9375,4708.725412256231
57.96875,4721.66028339478
58.0,4732.181620211343
58.03125,4740.279148799069
58.0625,4745.944962058709
58.09375,4749.173527419765
58.125,4749.961692242953
58.15625,4748.308686898697
58.1875,4744.216125518665
58.21875,4737.6880044195905
58.25,4728.730698200945
58.28125,4717.3529535202415
58.3125,4703.565880552079
58.34375,4687.382942139239
58.375,4668.819940646454
58.40625,4647.895002529661
58.4375,4624.628560635831
58.46875,4599.043334250633
58.5,4571.164306913447
58.53125,4541.01870202135
58.5625,4508.635956245942
58.59375,4474.047690788928
58.625,4437.287680504554
58.65625,4398.391820919036
58.6875,4357.398093179187
58.71875,4314.346526964468
58.75,4269.279161398691
58.78125,4222.240003999526
58.8125,4173.274987705909
58.84375,4122.431926025296
58.875,4069.7604663445995
58.90625,4015.3120414503496
58.9375,3959.1398193054506
58.96875,3901.2986511315685
59.0,3841.8450178478447
59.03125,3780.836974918237
59.0625,3718.334095661342
59.09375,3654.3974130780643
59.125,3589.0893602539227
59.15625,3522.473709394205
59.1875,3454.6155095514896
59.21875,3385.581023106351
59.25,3315.4376610632685
59.28125,3244.2539172249258
59.3125,3172.099301309173
59.34375,3099.0442710739685
59.375,3025.1601635165725
59.40625,2950.5191252141826
59.4375,2875.194041874022
59.46875,2799.2584671616837
59.5,2722.786550877229
59.53125,2645.8529665491587
59.5625,2568.5328385169864
59.59375,2490.9016685735915
59.625,2413.035262239001
59.65625,2335.0096547375874
59.6875,2256.9010367509595
59.71875,2178.7856800190566
59.75,2100.739862862089
59.78125,2022.839795696051
59.8125,1945.1615466145452
59.84375,1867.7809671095788
59.875,1790.7736180038685
59.90625,1714.2146956669803
59.9375,1638.178958587351
59.96875,1562.7406543718907
60.0,1487.9734472444584
60.03125,1413.950346113993
60.0625,1340.7436332825569
60.09375,1268.4247938628912
60.125,1197.06444597442
60.15625,1126.7322717858513
60.1875,1057.4969494717238
60.21875,989.4260861493351
60.25,922.5861518615386
60.28125,857.0424146698741
60.3125,792.8588769214143
60.34375,730.0982127515588
60.375,668.8217068838031
60.40625,609.089194786249
60.4375,550.9590042432819
60.46875,494.48789839948216
60.5,439.73102033137616
60.53125,386.7418392011582
60.5625,335.57209804496114
60.59375,286.27176324665965
60.625,238.888975746544
60.65625,193.47000403250937
60.6875,150.05919895966196
60.71875,108.69895044246236
60.75,69.42964606169278
60.78125,32.2896316266702
60.8125,-2.6848262687853564
60.84375,-35.459575660065354
60.875,-66.00261256058587
60.90625,-94.2841122131366
60.9375,-120.27645821325234
60.96875,-143.9542694761606
61.0,-165.2944250209823
61.03125,-184.27608654797618
61.0625,-200.88071878678505
61.09375,-215.09210759581288
61.125,-226.89637579505873
61.15625,-236.28199671694773
61.1875,-243.2398054619264
61.21875,-247.76300784783072
61.25,-249.84718704429142
61.28125,-249.49030788569166
61.3125,-246.69271885847388
61.34375,-241.4571517608474
61.375,-233.78871903523364
61.40625,-223.69490877605398
61.4375,-211.18557741773154
61.46875,-196.2729401100516
61.5,-178.97155879027292
61.53125,-159.29832796364533
61.5625,-137.27245820621098
61.59375,-112.91545740600317
61.625,-86.25110976095807
61.65625,-57.305452554049786
61.6875,-26.106750728325522
61.71875,7.3145307133326565
61.75,42.92575645676533
61.78125,80.69215274436603
61.8125,120.57684133106594
61.84375,162.54087549531448
61.875,206.54327806989087
61.90625,252.54108145541437
61.9375,300.48936957747406
61.96875,350.34132174641405
62.0,402.048258376943
62.03125,455.55968852292153
62.0625,510.8233591809161
62.09375,567.7853063143687
62.125,626.389907548563
62.15625,686.5799364849298
62.1875,748.2966185816545
62.21875,811.4796885460182
62.25,876.0674491824346
62.28125,941.9968316387145
62.3125,1009.2034569917286
62.34375,1077.6216991123342
62.375,1147.1847487481775
62.40625,1217.8246787617923
62.4375,1289.4725104602996
62.46875,1362.0582809519292
62.5,1435.5111114635956
62.53125,1509.7592765528195
62.5625,1584.7302741464025
62.59375,1660.350896337473
62.625,1736.5473008717638
62.65625,1813.2450832533211
62.6875,1890.3693493992314
62.71875,1967.8447887724228
62.75,2045.5957479211277
62.78125,2123.546304353191
62.8125,2201.6203406731
62.84375,2279.741618909326
62.875,2357.83385495941
62.90625,2435.8207930800963
62.9375,2513.6262803497693
62.96875,2591.1743410304903
63.0,2668.389250757017
63.03125,2745.1956104803594
63.0625,2821.5184200936724
63.09375,2897.283151668587
63.125,2972.4158222304686
63.15625,3046.843066001536
63.1875,3120.492206041298
63.21875,3193.291325214349
63.25,3265.16933641624
63.28125,3336.0560519888218
63.3125,3405.8822522573028
63.34375,3474.5797531220924
63.375,3542.08147263941
63.40625,3608.321496525671
63.4375,3673.2351425216602
63.46875,3736.7590235536663
63.5,3798.8311096298776
63.53125,3859.3907884116225
63.5625,3918.3789244002837
63.59375,3975.7379166821133
63.625,4031.4117551745458
63.65625,4085.346075319094
63.6875,4137.488211167416
63.71875,4187.7872468087235
63.75,4236.1940660883
63.78125,4282.661400568596
63.8125,4327.143875686056
63.84375,4369.598055058606
63.875,4409.982482900548
63.90625,4448.257724503431
63.9375,4484.386404743368
63.96875,4518.33324457722
64.0,4550.0650954919765
64.03125,4579.550971873717
64.0625,4606.762081264538
64.09375,4631.6718524779
64.125,4654.255961544938
64.15625,4674.4923554664065
64.1875,4692.3612737470585
64.21875,4707.845267691434
64.25,4720.9292174422135
64.28125,4731.6003467445025
64.3125,4739.848235421631
64.34375,4745.664829550274
64.375,4749.044449324972
64.40625,4749.983794604372
64.4375,4748.481948133748
64.46875,4744.54037644069
64.5,4738.162928403069
64.53125,4729.355831490667
64.5625,4718.127685684157
64.59375,4704.489455077378
64.625,4688.45445717107
64.65625,4670.038349868572
64.6875,4649.259116186139
64.71875,4626.137046692832
64.75,4600.694719697122
64.78125,4572.956979199559
64.8125,4542.9509106330215
64.84375,4510.705814414252
64.875,4476.253177332502
64.90625,4439.62664180321
64.9375,4400.861973016759
64.96875,4359.997024014371
65.0,4317.071698725259
65.03125,4272.127913001112
65.0625,4225.209553685981
65.09375,4176.36243576152
65.125,4125.634257609434
65.15625,4073.074554434818
65.1875,4018.734649895868
65.21875,3962.6676059872048
65.25,3904.928171225731
65.28125,3845.572727189638
65.3125,3784.659233462749
65.34375,3722.247171037969
65.375,3658.3974842351063
65.40625,3593.1725211897774
65.4375,3526.6359729715114
65.46875,3458.852811390498
65.5,3389.889225553725
65.53125,3319.8125572324293
65.5625,3248.691235104007
65.59375,3176.5947079325683
65.625,3103.5933767533984
65.65625,3029.7585261275417
65.6875,2955.1622545336354
65.71875,2879.8774039649734
65.75,2803.977488800531
65.78125,2727.536624019424
65.8125,2650.629452828888
65.84375,2573.3310737764564
65.875,2495.7169674174984
65.90625,2417.862922609741
65.9375,2339.844962506735
65.96875,2261.7392703225346
66.0,2183.622114940083
66.03125,2105.5697764359415
66.0625,2027.65847159409
66.09375,1949.9642794815306
66.125,1872.5630671583692
66.15625,1795.5304155949202
66.1875,1718.9415458681701
66.21875,1642.8712457096726
66.25,1567.3937964765994
66.28125,1492.582900617253
66.3125,1418.511609701879
66.34375,1345.2522530890467
66.375,1272.8763672972568
66.40625,1201.4546261507467
66.4375,1131.0567717676993
66.46875,1061.751546458249
66.5,993.6066255987819
66.53125,926.6885515480794
66.5625,861.0626686698339
66.59375,796.7930595249869
66.625,733.9424822961956
66.65625,672.5723095055328
66.6875,612.7424680852595
66.71875,554.5113808601942
66.75,497.9359094988145
66.78125,443.07129898880385
66.8125,389.97112369125784
66.84375,338.68723502622987
66.875,289.2697108406997
66.90625,241.7668065084061
66.9375,196.22490780929175
66.96875,152.68848563457837
67.0,111.20005256169435
67.03125,71.8001213414654
67.0625,34.52716533810046
67.09375,-0.58241903939521
67.125,-33.494347877696676
67.15625,-64.17648323681718
67.1875,-92.59886453226312
67.21875,-118.73373779103497
67.25,-142.55558275291153
67.28125,-164.0411377905504
67.3125,-183.1694226240735
67.34375,-199.92175880795298
67.375,-214.28178797019692
67.40625,-226.23548778602176
67.4375,-235.77118567041532
67.46875,-242.87957017621682
67.5,-247.55370008658738
67.53125,-249.78901119299067
67.5625,-249.58332075206536
67.59375,-246.93682961703655
67.625,-241.85212204158563
67.65625,-234.33416315637112
67.6875,-224.39029412066296
67.71875,-212.0302249538239
67.75,-197.26602505364204
67.78125,-180.11211141076706
67.8125,-160.58523453076484
67.84375,-138.70446207753213
67.875,-114.49116025404687
67.90625,-87.96897293863348
67.9375,-59.1637985971169
67.96875,-28.10376499340933
68.0,5.180798276771814
68.03125,40.6573894022419
68.0625,78.29136609381365
68.09375,118.04597941190737
68.125,159.88240965126383
68.15625,203.7598042477304
68.1875,249.63531767009468
68.21875,297.46415325802025
68.25,347.1996069652233
68.28125,398.7931129651831
68.3125,452.19429107484666
68.34375,507.3509959500225
68.375,564.2093680044242
68.40625,622.7138860026427
68.4375,682.8074212756907
68.46875,744.4312935061772
68.5,807.5253280286435
68.53125,872.0279145891013
68.5625,937.8760675064004
68.59375,1005.0054871766788
68.625,1073.3506228608326
68.65625,1142.844736693702
68.6875,1213.4199688524632
68.71875,1285.0074038205944
68.75,1357.5371376827068
68.78125,1430.938346384534
68.8125,1505.139354891417
68.84375,1580.0677071777604
68.875,1655.650236979111
68.90625,1731.8131392377738
68.9375,1808.4820421721986
68.96875,1885.5820798997622
69.0,1963.0379655420322
69.03125,2040.774064741126
69.0625,2118.7144695153793
69.09375,2196.7830723821994
69.125,2274.9036406757327
69.15625,2352.9998909867677
69.1875,2430.99556365219
69.21875,2508.81449722125
69.25,2586.3807028259266
69.28125,2663.6184383827654
69.3125,2740.4522825537415
69.34375,2816.8072083939132
69.375,2892.6086566139606
69.40625,2967.7826083860687
69.4375,3042.2556576220545
69.46875,3115.9550826531668
69.5,3188.8089172415625
69.53125,3260.746020854115
69.5625,3331.6961481299395
69.59375,3401.5900174737935
69.625,3470.359378708381
69.65625,3537.937079719491
69.6875,3604.2571320288985
69.71875,3669.254775230993
69.75,3732.8665402302145
69.78125,3795.0303112175516
69.8125,3855.68538632557
69.84375,3914.7725369027607
69.875,3972.2340653493093
69.90625,4028.0138614578264
69.9375,4082.0574572040105
69.96875,4134.312079933749
70.0,4184.726703894723
70.03125,4233.252100062183
70.0625,4279.840884210261
70.09375,4324.447563181862
70.125,4367.028579311956
70.15625,4407.542352960905
70.1875,4445.94932311627
70.21875,4482.21198602347
70.25,4516.294931807564
70.28125,4548.164879050391
70.3125,4577.790707289311
70.34375,4605.143487405806
70.375,4630.196509874277
70.40625,4652.925310843439
70.4375,4673.30769602486
70.46875,4691.323762365306
70.5,4706.955917481732
70.53125,4720.18889683995
70.5625,4731.009778660181
70.59375,4739.407996534965
70.625,4745.375349747064
70.65625,4748.906011277336
70.6875,4749.996533494712
70.71875,4748.645851522753
70.75,4744.855284279484
70.78125,4738.6285331894915
70.8125,4729.971678569544
70.84375,4718.893173691268
70.875,4705.403836526673
70.90625,4689.516839184585
70.9375,4671.247695048297
70.96875,4650.614243627028
71.0,4627.636633135937
71.03125,4602.33730082173
71.0625,4574.740951053076
71.09375,4544.874531197207
71.125,4512.767205306271
71.15625,4478.45032563913
71.1875,4441.9574020464115
71.21875,4403.324069248711
71.25,4362.588052039884
71.28125,4319.789128449436
71.3125,4274.969090899944
71.34375,4228.171705397465
71.375,4179.44266879478
71.40625,4128.829564169184
71.4375,4076.3818143584276
71.46875,4022.150633700148
71.5,3966.188978021939
71.53125,3908.551492930887
71.5625,3849.294460453059
71.59375,3788.475744075062
71.625,3726.154732241328
71.65625,3662.39228036231
71.6875,3597.250651390199
71.71875,3530.7934550202176
71.75,3463.0855855768227
71.78125,3394.1931586455053
71.8125,3324.1834465120405
71.84375,3253.124812472243
71.875,3181.0866440763675
71.90625,3108.1392853733464
71.9375,3034.3539682210153
71.96875,2959.802742729418
72.0,2884.5584069050906
72.03125,2808.69443556505
72.0625,2732.284908589877
72.09375,2655.4044385859725
72.125,2578.1280980276133
72.15625,2500.531345949953
72.1875,2422.6899542645574
72.21875,2344.6799337694183
72.25,2266.577459925698
72.28125,2188.458798473684
72.3125,2110.4002309605894
72.34375,2032.4779802529158
72.375,1954.768136106117
72.40625,1877.3465808642457
72.4375,1800.28891536213
72.46875,1723.6703851024436
72.5,1647.5658067797472
72.53125,1572.0494952232584
72.5625,1497.1951908296787
72.59375,1423.075987556951
72.625,1349.7642615492477
72.65625,1277.331600462896
72.6875,1205.8487335622438
72.71875,1135.3854626537366
72.75,1066.0105939256352
72.78125,997.7918707599423
72.8125,930.7959075821387
72.84375,865.0881248133282
72.875,800.7326849883051
72.90625,737.7924301019292
72.9375,676.3288202449841
72.96875,616.4018735894402
73.0,558.0701077817309
73.03125,501.3904828012611
73.0625,446.41834533995507
73.09375,393.20737475715214
73.125,341.80953066262174
73.15625,292.27500217888644
73.1875,244.65215893239633
73.21875,198.98750382140895
73.25,155.32562760669833
73.28125,113.7091653694347
73.3125,74.17875487874953
73.34375,36.77299690964531
73.375,1.5284175499927222
73.40625,-31.520567466573056
73.4375,-62.34168636703424
73.46875,-90.90484285182721
73.5,-117.1821454833688
73.53125,-141.14793492157247
73.5625,-162.778808979758
73.59375,-182.053645476489
73.625,-198.95362286102613
73.65625,-213.46223859225023
73.6875,-225.56532525311508
73.71875,-235.25106438488902
73.75,-242.5099980276796
73.78125,-247.3350379559705
73.8125,-249.72147260015427
73.84375,-249.66697164729905
73.875,-247.17158831666057
73.90625,-242.2377593077138
73.9375,-234.8703024207574
73.96875,-225.076411852414
74.0,-212.8656511706184
74.03125,-198.24994397595663
74.0625,-181.24356225847154
74.09375,-161.86311246130737
74.125,-140.12751926479967
74.15625,-116.05800710684566
74.1875,-89.67807945760131
74.21875,-61.01349586874222
74.25,-30.092246819696243
74.28125,3.055473614581583
74.3125,38.39729724761348
74.34375,75.89871338838205
74.375,115.52310254043519
74.40625,157.23177216020235
74.4375,200.98399443960747
74.46875,246.73704607608175
74.5,294.44624999114404
74.53125,344.0650189568098
74.5625,395.5449010872275
74.59375,448.8356271511246
74.625,503.88515965885836
74.65625,560.6397436761398
74.6875,619.0439593148172
74.71875,679.0407758494551
74.75,740.5716074068694
74.78125,803.5763701742396
74.8125,867.9935410699308
74.84375,933.760217819741
74.875,1000.8121803799017
74.90625,1069.0839536468638
74.9375,1138.5088713926223
74.96875,1209.0191413631583
75.0,1280.545911476424
75.03125,1353.0193370552327
75.0625,1426.3686490294003
75.09375,1500.5222230405425
75.125,1575.407649382043
75.15625,1650.9518037059056
75.1875,1727.0809184274385
75.21875,1803.7206547580472
75.25,1880.7961752958026
75.28125,1958.2322171028923
75.3125,2035.9531651986017
75.34375,2113.883126396062
75.375,2191.946003410656
75.40625,2270.065569167727
75.4375,2348.165541237024
75.46875,2426.1696563211995
75.5,2504.0017447256237
75.53125,2581.585804736803
75.5625,2658.8460768367577
75.59375,2735.7071176809113
75.625,2812.0938737672313
75.65625,2887.931754724704
75.6875,2963.146706149564
75.71875,3037.6652819181627
75.75,3111.4147159058634
75.78125,3184.3229930419247
75.8125,3256.318919630997
75.84375,3327.3321928725554
75.875,3397.293469510395
75.90625,3466.1344335451404
75.9375,3533.7878629436627
75.96875,3600.187695280251
76.0,3665.2690922454512
76.03125,3728.9685029595753
76.0625,3791.2237260290594
76.09375,3851.973970285063
76.125,3911.1599141450183
76.15625,3968.723763539147
76.1875,4024.6093083453916
76.21875,4078.7619772776407
76.25,4131.128891173667
76.28125,4181.658914630734
76.3125,4230.302705938442
76.34375,4277.012765260079
76.375,4321.743481015397
76.40625,4364.451174419557
76.4375,4405.094142134709
76.46875,4443.632696992601
76.5,4480.029206748426
76.53125,4514.248130828065
76.5625,4546.256055032858
76.59375,4576.021724168004
76.625,4603.516072562722
76.65625,4628.712252452393
76.6875,4651.585660194939
76.71875,4672.113960295868
76.75,4690.277107218503
76.78125,4706.057364958108
76.8125,4719.439324360795
76.84375,4730.4099181703
76.875,4738.958433787948
76.90625,4745.0765237333035
76.9375,4748.758213795362
76.96875,4749.999908866259
77.0,4748.800396451828
77.03125,4745.160847855586
77.0625,4739.084817034973
77.09375,4730.578237130974
77.125,4719.649414674505
77.15625,4706.309021475231
77.1875,4690.570084200722
77.21875,4672.447971656128
77.25,4651.960379776817
77.28125,4629.127314348576
77.3125,4603.971071472312
77.34375,4576.516215792287
77.375,4546.789556509156
77.40625,4514.820121201238
77.4375,4480.639127479583
77.46875,4444.279952504498
77.5,4405.778100393322
77.53125,4365.171167551255
77.5625,4322.498805959105
77.59375,4277.802684453806
77.625,4231.126448039502
77.65625,4182.5156752689445
77.6875,4132.017833736804
77.71875,4079.682233728376
77.75,4025.5599800689192
77.78125,3969.703922220661
77.8125,3912.1686026762004
77.84375,3853.01020369868
77.875,3792.286492460768
77.90625,3730.056764635991
77.9375,3666.381786497514
77.96875,3601.323735580907
78.0,3534.946139968838
78.03125,3467.313816256976
78.0625,3398.492806261686
78.09375,3328.5503125313176
78.125,3257.554632724056
78.15625,3185.5750929164155
78.1875,3112.6819799075074
78.21875,3038.9464725851676
78.25,2964.4405724209855
78.28125,2889.2370331620855
78.3125,2813.409289788329
78.34375,2737.0313868043045
78.375,2660.17790593612
78.40625,2582.923893303621
78.4375,2505.344786139119
78.46875,2427.516339124224
78.5,2349.5145504166744
78.53125,2271.415587439432
78.5625,2193.295712504483
78.59375,2115.2312083439865
78.625,2037.298303621479
78.65625,1959.5730984958793
78.6875,1882.1314903109742
78.71875,1805.0490994829522
78.75,1728.4011956583465
78.78125,1652.2626242145066
78.8125,1576.7077331743549
78.84375,1501.8103006068052
78.875,1427.6434625837292
78.90625,1354.2796417638258
78.9375,1281.7904766731215
78.96875,1210.246751751166
79.0,1139.7183282312292
79.03125,1070.2740759219919
79.0625,1001.981805957346
79.09375,934.9082045799737
79.125,869.1187680233625
79.15625,804.6777385558454
79.1875,741.6480417491156
79.21875,680.091225032474
79.25,620.0673975928075
79.28125,561.6351716789911
79.3125,504.85160536801857
79.34375,449.77214684876003
79.375,396.4505802777457
79.40625,344.93897325985125
79.4375,295.2876260051632
79.46875,247.545022211679
79.5,201.75778172179804
79.53125,157.9706149988369
79.5625,116.22627946801967
79.59375,76.5655377645802
79.625,39.02711792973801
79.65625,3.647675593424493
79.6875,-29.538241819317413
79.71875,-60.49822882330857
79.75,-89.20205351663878
79.78125,-115.62168710160692
79.8125,-139.73133125436576
79.84375,-161.50744331654698
79.875,-180.92875928426844
79.90625,-197.9763145720731
79.9375,-212.63346253152378
79.96875,-224.88589070637389
80.0,-234.72163480843798
80.03125,-242.1310904005153
80.0625,-247.1070222749608
80.09375,-249.64457151874203
80.125,-249.74126025808536
80.15625,-247.39699407807763
80.1875,-242.61406211486093
80.21875,-235.3971348203293
80.25,-225.75325940151296
80.28125,-213.69185293909908
80.3125,-199.22469319181292
80.34375,-182.365907095636
80.375,-163.13195696909284
80.40625,-141.54162443807684
80.4375,-117.61599209591105
80.46875,-91.37842291655235
80.5,-62.85453744104608
80.53125,-32.072188759501294
80.5625,0.9385646869800035
80.59375,36.145488457858534
80.625,73.51420358954309
80.65625,113.0082201658647
80.6875,154.5889729498612
80.71875,198.21585904207544
80.75,243.8462775285985
80.78125,291.4356710801391
80.8125,340.9375694614991
80.84375,392.3036349089701
80.875,445.4837093313382
80.90625,500.42586328841094
80.9375,557.0764466992321
80.96875,615.3801412304769
81.0,675.2800143138654
81.03125,736.7175747398488
81.0625,799.6328297732832
81.09375,863.9643437353176
81.125,929.6492979942914
81.15625,996.6235523070621
81.1875,1064.8217074508648
81.21875,1134.177169084543
81.25,1204.6222127767924
81.28125,1276.088050137919
81.3125,1348.5048959905344
81.34375,1421.8020365135974
81.375,1495.9078982932594
81.40625,1570.7501182130895
81.4375,1646.255614115429
81.46875,1722.3506561648776
81.5,1798.960938844228
81.53125,1876.0116535125412
81.5625,1953.427561454515
81.59375,2031.1330673498135
81.625,2109.052293090613
81.65625,2187.1091518752887
81.6875,2265.2274225058836
81.71875,2343.3308238168147
81.75,2421.3430891621383
81.78125,2499.188040888634
81.8125,2576.7896647219914
81.84375,2654.0721839934567
81.875,2730.960133634468
81.90625,2807.37843386701
81.9375,2883.2524635177447
81.96875,2958.5081328843216
82.0,3033.071956082713
82.03125,3106.8711228049337
82.0625,3179.8335694170732
82.09375,3251.8880493282054
82.125,3322.9642025614826
82.15625,3392.992624459453
82.1875,3461.904933456536
82.21875,3529.633837852456
82.25,3596.113201521448
82.28125,3661.2781084930625
82.3125,3725.0649263415075
82.34375,3787.4113683216347
82.375,3848.2565541908853
82.40625,3907.5410696578197
82.4375,3965.2070243991557
82.46875,4021.1981085886973
82.5,4075.4596478829176
82.53125,4127.938656809528
82.5625,4178.583890506895
82.59375,4227.345894763776
82.625,4274.17705431052
82.65625,4319.031639314567
82.6875,4361.865850034854
82.71875,4402.637859591521
82.75,4441.307854809149
82.78125,4477.838075093648
82.8125,4512.192849304837
82.84375,4544.33863058871
82.875,4574.244029135365
82.90625,4601.879842830625
82.9375,4627.219085771403
82.96875,4650.2370146169815
83.0,4670.911152750463
83.03125,4689.221312226807
83.0625,4705.149613486012
83.09375,4718.680502812207
83.125,4729.800767521587
83.15625,4738.499548864376
83.1875,4744.768352628217
83.21875,4748.601057432616
83.25,4749.993920706372
83.28125,4748.945582342138
83.3125,4745.4570660245345
83.34375,4739.531778230545
83.375,4731.175504903147
83.40625,4720.396405801435
83.4375,4707.205006532759
83.46875,4691.614188274644
83.5,4673.6391751965375
83.53125,4653.297519593669
83.5625,4630.609084747532
83.59375,4605.596025529723
83.625,4578.282766768092
83.65625,4548.695979396306
83.6875,4516.864554410137
83.71875,4482.819574655897
83.75,4446.594284478561
83.78125,4408.224057259237
83.8125,4367.74636087365
83.84375,4325.200721105403
83.875,4280.628683049719
83.90625,4234.073770545359
83.9375,4185.581443674336
83.96875,4135.199054370908
84.0,4082.9758001832306
84.03125,4028.9626762327725
84.0625,3973.2124254184555
84.09375,3915.7794869141017
84.125,3856.719943009509
84.15625,3796.091464347043
84.1875,3733.953253607236
84.21875,3670.365987698373
84.25,3605.3917585065196
84.28125,3539.0940122638535
84.3125,3471.5374875944894
84.34375,3402.788152298313
84.375,3332.9131389345457
84.40625,3261.980679267941
84.4375,3190.0600376416196
84.46875,3117.2214433416157
84.5,3043.5360220191733
84.53125,2969.075726237752
84.5625,2893.913265212571
84.59375,2818.1220338112935
84.625,2741.776040885185
84.65625,2664.949837000725
84.6875,2587.7184416422465
84.71875,2510.1572699566786
84.75,2432.3420591119375
84.78125,2354.348794340868
84.8125,2276.2536347429523
84.84375,2198.1328389162413
84.875,2120.0626904921287
84.90625,2042.119423645679
84.9375,1964.3791486542495
84.96875,1886.9177775770952
85.0,1809.8109501285323
85.03125,1733.133959817041
85.0625,1656.9616804224304
85.09375,1581.3684928828652
85.125,1506.4282126631413
85.15625,1432.2140176751354
85.1875,1358.798376820819
85.21875,1286.2529792276018
85.25,1214.6486642451196
85.28125,1144.0553522718071
85.3125,1074.5419764788194
85.34375,1006.1764154979563
85.375,939.0254271393345
85.40625,873.1545832035148
85.4375,808.6282054517546
85.46875,745.5093027968982
85.5,683.8595097762434
85.53125,623.7390263664607
85.5625,565.2065591993392
85.59375,508.3192642357548
85.625,453.13269095384743
85.65625,399.70072810589534
85.6875,348.07555109686416
85.71875,298.30757103601087
85.75,250.44538551128758
85.78125,204.53573113462548
85.8125,160.62343790442412
85.84375,118.7513854298189
85.875,78.96046105947102
85.90625,41.28951995576558
85.9375,5.775347153404164
85.96875,-27.54737836055704
86.0,-58.64611751014937
86.03125,-87.4905029043474
86.0625,-114.05236849031053
86.09375,-138.30577705705645
86.125,-160.22704556270668
86.15625,-179.79476826057495
86.1875,-196.98983760151694
86.21875,-211.79546289212593
86.25,-224.19718669056093
86.28125,-234.18289892399414
86.3125,-241.74284871388895
86.34375,-246.86965389757066
86.375,-249.55830823678028
86.40625,-249.8061863061829
86.4375,-247.61304605705052
86.46875,-242.98102905361773
86.5,-235.9146583818822
86.53125,-226.42083423288662
86.5625,-214.50882716479936
86.59375,-200.1902690503729
86.625,-183.47914171861572
86.65625,-164.39176330177497
86.6875,-142.94677230095698
86.71875,-119.16510938594638
86.75,-93.06999694699836
86.78125,-64.68691641856844
86.8125,-34.043583397124486
86.84375,-1.1699205773355037
86.875,33.90197146692975
86.90625,71.13784562826963
86.9375,110.50134170746823
86.96875,151.95402191861413
87.0,195.45540842294372
87.03125,240.96302285476628
87.0625,288.4324278008657
87.09375,337.8172701928811
87.125,389.06932657029046
87.15625,442.138550169803
87.1875,496.9731197951727
87.21875,553.5194904197183
87.25,611.7224454721318
87.28125,671.5251507545253
87.3125,732.869209940058
87.34375,795.6947215959609
87.375,859.9403376762682
87.40625,925.5433234271432
87.4375,992.4396186463002
87.46875,1060.5639002367068
87.5,1129.8496459934772
87.53125,1200.2291995616777
87.5625,1271.6338365016095
87.59375,1343.993831397057
87.625,1417.2385259409737
87.65625,1491.2963979321191
87.6875,1566.0951311152771
87.71875,1641.5616857968491
87.75,1717.6223701668757
87.78125,1794.2029122578413
87.8125,1871.228532469986
87.84375,1948.6240165923189
87.875,2026.3137892480165
87.90625,2104.2219876924974
87.9375,2182.2725358921043
87.96875,2260.3892188110585
88.0,2338.495756834152
88.03125,2416.5158802524934
88.0625,2494.373403739589
88.09375,2571.9923007450157
88.125,2649.2967777330623
88.15625,2726.2113481938277
88.1875,2802.6609063545184
88.21875,2878.5708005189604
88.25,2953.8669059637127
88.28125,3028.4756973196054
88.3125,3102.324320368011
88.34375,3175.340663181752
88.375,3247.4534265411803
88.40625,3318.592193556648
88.4375,3388.6874984294086
88.46875,3457.6708942837895
88.5,3525.4750200044077
88.53125,3592.03366601315
88.5625,3657.2818389217077
88.59375,3721.155824996516
88.625,3783.59325237413
88.65625,3844.5331519662964
88.6875,3903.91601699523
88.71875,3961.6838611009744
88.75,4017.7802749640946
88.78125,4072.150481388426
88.8125,4124.741388790073
88.84375,4175.501643040439
88.875,4224.381677612663
88.90625,4271.333761982495
88.9375,4316.312048236336
88.96875,4359.272615840953
89.0,4400.173514531133
89.03125,4438.974805273405
89.0625,4475.638599265826
89.09375,4510.129094935758
89.125,4542.412612899493
89.15625,4572.457628849599
89.1875,4600.2348043378715
89.21875,4625.717015423835
89.25,4648.879379160802
89.28125,4669.6992778936565
89.3125,4688.156381344605
89.34375,4704.232666465347
89.375,4717.912435036285
89.40625,4729.182328995557
89.4375,4738.031343482966
89.46875,4744.450837586033
89.5,4748.434542777709
89.53125,4749.978569037478
89.5625,4749.0814086499
89.59375,4745.743937676868
89.625,4739.969415102151
89.65625,4731.763479649046
89.6875,4721.134144274267
89.71875,4708.091788343425
89.75,4692.649147495753
89.78125,4674.821301207974
89.8125,4654.625658069444
89.84375,4632.081938782962
89.875,4607.21215690784
89.90625,4580.04059736403
89.9375,4550.593792718319
89.96875,4518.900497275721
90.0,4484.9916590013945
90.03125,4448.900389300471
90.0625,4410.661930685335
90.09375,4370.313622361908
90.125,4327.894863768544
90.15625,4283.4470761031525
90.1875,4237.013661876098
90.21875,4188.639962528386
90.25,4138.373214156513
90.28125,4086.262501387225
90.3125,4032.358709447208
90.34375,3976.7144744745287
90.375,3919.384132120341
90.40625,3860.4236644910416
90.4375,3799.890645482695
90.46875,3737.844184561103
90.5,3674.3448690424075
90.53125,3609.4547049306134
90.5625,3543.2370563697714
90.59375,3475.75658376997
90.625,3407.079180667541
90.65625,3337.2719093811393
90.6875,3266.402935526528
90.71875,3194.541461454009
90.75,3121.757658673507
90.78125,3048.122599333276
90.8125,2973.708186819154
90.84375,2898.5870855421285
90.875,2822.8326499827704
90.90625,2746.518853061831
90.9375,2669.7202139069373
90.96875,2592.5117250859294
91.0,2514.9687793778926
91.03125,2437.1670961533855
91.0625,2359.1826474357613
91.09375,2281.0915837157754
91.125,2202.970159591924
91.15625,2124.894659309122
91.1875,2046.9413222684325
91.21875,1969.1862685805866
91.25,1891.7054247359865
91.28125,1814.574449463775
91.3125,1737.8686598523718
91.34375,1661.662957803614
91.375,1586.0317568923213
91.40625,1511.0489097027007
91.4375,1436.7876357125542
91.46875,1363.3204497956986
91.5,1290.7190914124237
91.53125,1219.0544545571258
91.5625,1148.396518531526
91.59375,1078.8142796110685
91.625,1010.3756836712297
91.65625,943.1475598395231
91.6875,877.1955552379909
91.71875,812.5840708799032
91.75,749.3761987832606
91.78125,687.6336603625114
91.8125,627.416746158635
91.84375,568.7842569664544
91.875,511.79344641665625
91.90625,456.49996506859304
91.9375,402.9578060684555
91.96875,351.21925242588253
92.0,301.3348259604884
92.03125,253.3532379681644
92.0625,207.32134165532435
92.09375,163.2840863875437
92.125,121.28447379726792
92.15625,81.36351579344559
92.1875,43.560194514098704
92.21875,7.911424260923228
92.25,-25.547984546897553
92.28125,-56.785359364478204
92.3125,-85.77019742541603
92.34375,-112.47419552722543
92.375,-136.87127766893374
92.40625,-158.93762051385514
92.4375,-178.65167665267302
92.46875,-195.9941956441208
92.5,-210.94824281271102
92.53125,-223.4992157851573
92.5625,-233.6348587493456
92.59375,-241.34527442192632
92.625,-246.62293371284284
92.65625,-249.46268307736054
92.6875,-249.86174954841707
92.71875,-247.8197434443749
92.75,-243.33865874954174
92.78125,-236.42287116707683
92.8125,-227.07913384619138
92.84375,-215.3165707878138
92.875,-201.1466679351562
92.90625,-184.58326195788771
92.9375,-165.642526740859
92.96875,-144.3429575905808
93.0,-120.70535317486808
93.03125,-94.7527952132965
93.0625,-66.5106259382936
93.09375,-36.00642334887938
93.125,-3.2699742812172805
93.15625,31.666754677724672
93.1875,68.76964840500321
93.21875,108.00247655454065
93.25,149.32692893544015
93.28125,192.70265292123946
93.3125,238.08729285356378
93.34375,285.4365314017096
93.375,334.7041328377634
93.40625,385.84198818500806
93.4375,438.8001621955201
93.46875,493.52694211109326
93.5,549.968888159868
93.53125,608.0708857393627
93.5625,667.7761992349482
93.59375,729.0265274212115
93.625,791.762060392113
93.65625,855.9215379643465
93.6875,921.4423094968657
93.71875,988.2603950681751
93.75,1056.3105479516348
93.78125,1125.5263183277846
93.8125,1195.840118171462
93.84375,1267.1832872503646
93.875,1339.4861601705993
93.90625,1412.6781344037593
93.9375,1486.6877392290933
93.96875,1561.442705523453
94.0,1636.8700363308642
94.03125,1712.8960781428154
94.0625,1789.44659281966
94.09375,1866.4468300828996
94.125,1943.8216005075612
94.15625,2021.4953489433963
94.1875,2099.3922282932017
94.21875,2177.436173576224
94.25,2255.550976204321
94.28125,2333.660358398356
94.3125,2411.6880476721544
94.34375,2489.5578513112914
94.375,2567.1937307739845
94.40625,2644.519875941441
94.4375,2721.460779145151
94.46875,2797.9413088988435
94.5,2873.8867832631095
94.53125,2949.223042771048
94.5625,3023.876522843727
94.59375,3097.7743256247436
94.625,3170.8442911637503
94.65625,3243.0150678794134
94.6875,3314.2161822330295
94.71875,3384.3781075447337
94.75,3453.432331885126
94.78125,3521.311424976008
94.8125,3587.949104034902
94.84375,3653.2802984990676
94.875,3717.241213565798
94.90625,3779.7693924869645
94.9375,3840.803777556972
94.96875,3900.2847697345687
95.0,3958.1542868403026
95.03125,4014.355820272781
95.0625,4068.834490188362
95.09375,4121.537099090392
95.125,4172.412183775655
95.15625,4221.41006558732
95.1875,4268.482898925306
95.21875,4313.584717966696
95.25,4356.6714815505875
95.28125,4397.701116183534
95.3125,4436.633557123601
95.34375,4473.430787502905
95.375,4508.05687545044
95.40625,4540.478009178938
95.4375,4570.662530001509
95.46875,4598.58096324581
95.5,4624.206047035561
95.53125,4647.512758911305
95.5625,4668.478340264419
95.59375,4687.082318560501
95.625,4703.306527330461
95.65625,4717.135123909762
95.6875,4728.554604908522
95.71875,4737.553819397338
95.75,4744.123979795977
95.78125,4748.258670454311
95.8125,4749.953853917076
95.84375,4749.20787486639
95.875,4746.021461738137
95.90625,4740.397726010661
95.9375,4732.342159166465
95.96875,4721.862627329866
96.0,4708.969363585862
96.03125,4693.674957987698
96.0625,4675.994345262889
96.09375,4655.944790229716
96.125,4633.545870938424
96.15625,4608.819459553583
96.1875,4581.789700996298
96.21875,4552.482989367098
96.25,4520.927942172544
96.28125,4487.1553723807265
96.3125,4451.1982583329145
96.34375,4413.0917115407765
96.375,4372.872942400575
96.40625,4330.581223857851
96.4375,4286.257853058062
96.46875,4239.946111020613
96.5,4191.691220375679
96.53125,4141.540301205079
96.5625,4089.5423250303074
96.59375,4035.748066992678
96.625,3980.210056272262
96.65625,3922.982524794033
96.6875,3864.1213542713126
96.71875,3803.684021638225
96.75,3741.72954292445
96.78125,3678.318415627066
96.8125,3613.5125596357752
96.84375,3547.375256769181
96.875,3479.9710889811627
96.90625,3411.3658752976994
96.9375,3341.6266075457033
96.96875,3270.8213849366407
97.0,3199.0193475688043
97.03125,3126.2906089131843
97.0625,3052.7061873488515
97.09375,2978.3379368147143
97.125,2903.2584766453724
97.15625,2827.5411206595604
97.1875,2751.259805570454
97.21875,2674.4890187877245
97.25,2597.3037256818425
97.28125,2519.779296381672
97.3125,2441.991432176812
97.34375,2364.016091596579
97.375,2285.929416237786
97.40625,2207.8076564137687
97.4375,2129.727096697248
97.46875,2051.763981429738
97.5,1973.994440270243
97.53125,1896.4944138559342
97.5625,1819.339579647409
97.59375,1742.6052780309335
97.625,1666.3664387498336
97.65625,1590.697507736874
97.6875,1515.6723744190665
97.71875,1441.3642995658981
97.75,1367.8458437514357
97.78125,1295.1887965001529
97.8125,1223.4641061856817
97.84375,1152.7418107509257
97.875,1083.090969317201
97.90625,1014.5795947491732
97.9375,947.2745872414521
97.96875,881.2416689916838
98.0,816.5453200239428
98.03125,753.2487152250819
98.0625,691.4136626555259
98.09375,631.1005431947517
98.125,572.3682515803824
98.15625,515.2741388984766
98.1875,459.8739565811655
98.21875,406.22180196632553
98.25,354.3700654724466
98.28125,304.36937944027716
98.3125,256.26856869120166
98.34375,210.11460285063316
98.375,165.95255048296926
98.40625,123.82553508290539
98.4375,83.77469296607238
98.46875,45.83913310012372
98.5,10.05589891549169
98.53125,-23.540067866893445
98.5625,-54.91596135560162
98.59375,-84.04114352309865
98.625,-110.88717412326032
98.65625,-135.42783846278965
98.6875,-157.63917299942116
98.71875,-177.49948874191207
98.75,-194.989392428975
98.78125,-210.09180546646772
98.8125,-222.79198060435158
98.84375,-233.0775163371296
98.875,-240.9383690137068
98.90625,-246.36686264484592
98.9375,-249.3576963986388
98.96875,-249.90794977668014
99.0,-248.01708546588418
99.03125,-243.6869498631622
99.0625,-236.9217712724464
99.09375,-227.72815577582372
99.125,-216.11508078280883
99.15625,-202.0938862640548
99.1875,-185.678263678066
99.21875,-166.88424260172002
99.25,-145.73017507765823
99.28125,-122.23671769382743
99.3125,-96.42681141267289
99.34375,-68.32565916967681
99.375,-37.96070126312029
99.40625,-5.361588559097408
99.4375,29.43984646205211
99.46875,66.40962078962004
99.5,105.51163406636255
99.53125,146.70770383988702
99.5625,189.95760284716778
99.59375,235.21909829578692
99.625,282.4479931035387
99.65625,331.5981690561309
99.6875,382.6216318408374
99.71875,435.4685579121312
99.75,490.0873431435301
99.78125,546.4246532181519
99.8125,604.4254757087677
99.84375,664.0331737965055
99.875,725.1895415757411
99.90625,787.8348608911789
99.9375,851.9079596516154
99.96875,917.3462715634487
100.0,984.085897225603
